分野,単語,英語,意味
ITパスポート,ウェアラブルデバイス,wearable,"ウェアラブル：着用できる、身に付けられるなどの意味がある
スマートウォッチで血圧や体温などの測定データを取得し、異常を早期に検知する"
ITパスポート,ディスクロージャー,Disclosure,企業などが投資者や債権者などの利害関係者に対してｍ営業や財務の状況をはじめ各種の情報を公開すること、またはそれを義務付けする情報開示制度
ITパスポート,フェルミ,,正確に算出することが極めて難しい数量に対して、把握している情報と論理的な思考プロセスによって概数を求める手法
ストラテジ系,"【マーケティング】
セグメンテーション",,【ターゲット層】店舗なあどにおいて、商品やサービスを購入者のニーズに合致するような形態で提供するために行う一連の活動
ストラテジ系,"【マーケティング】
ドミナント戦略",,【店舗展開】配送コストの削減と、消費者への接続頻度増加によるエリア密着向上を狙って、同一エリア内に密度の高い店舗展開を行うこと
ストラテジ系,"【マーケティング】
マーチャンダイジング",,"【商品中心・商品売買手法】主に店頭において、消費者の求める商品を、適切な数量、適切な価格、適切なタイミングなどで提供するための一連の活動を表す言葉。具体的な活動として、商品の調達、値付け、陳列、販促などがある

マーチャンダイズ：商品や商品を売買するという意味の英語"
ストラテジ系,"【マーケティング】
ロジスティクス",,【物流管理】製品の出庫から販売に至るまでの物の流れを統合的に捉え、物流チャネル全体を効果的に管理すること
ストラテジ系,"CCDイメージセンサー
CMOSイメージセンサー",,光を電気信号に変換する撮像素子のこと
ストラテジ系,eマーケットプレイス,e-Marketplace,多くの売り手と買い手が、インターネット上に設けられた市場を通じて出会い、中間流通業者を介さず、直接取引を行う手法
ストラテジ系,アーキテクチャ,Architecture,構造
ストラテジ系,アクティベーション,Activation,正当な手続きを経ることによってアカウントまたはソフトウェア/ハードウェアを活動（アクティブ）状態にすること。不正利用を防止するために設けられている
ストラテジ系,アフィリエイト広告,,"成果報酬型広告。
個人のWebサイトやブロックに企業の広告を掲載し、ユーザーがそのアフィリエイト広告を経由し、商品を購入するなどの`成果条件を満たした場合、報酬が発生する`"
ストラテジ系,アライアンス,,"企業合併や資本提携、販売提携など企業同士の連携を意味する言葉
業務提携を通じて、企業同士が連携、共同して事業を進めていくことを表す。アライアンスを締結することで、他社が保有している技術やノウハウを得るなどの不得意分野の保管や、事業投資リスクの軽減といった効果が期待できる"
ストラテジ系,イノベーション,Innovation,今までにない、新たな価値を生み出すこと
ストラテジ系,インキュベーション,,起業家や新事業の育成を支援する場のこと
ストラテジ系,オーサリング,,文字、画像、音声などのデータを組み合わせて一つのコンテンツを作ること
ストラテジ系,オプトアウト,Opt out,"生成AIにおいて、オプトアウトとは利用者が自分の入力情報を生成AIの学習データとして利用されないように設定することである

一度許可（オプトイン）したアクションに対して後から拒否を行う手続き、およびその仕組み"
ストラテジ系,オプトイン,Opt-in,"広告メールの配信や個人情報の取得などアクションに先だって相手に承諾を求め、承諾を得た相手に対してだけそのアクションを実施する仕組み

特定電子メール、個人情報保護法など"
ストラテジ系,オムニチャネル,,"販売者と消費者の接点。
実店舗、広告、運送業者、カタログ、オンラインストアなど、同一の利便性で商品にアクセスできるようにすること"
ストラテジ系,オンでマント型,On-demand,ユーザーの要求があった際に、その要求に応じてサービスを提供することがある。近年の映像配信サービスにはこの形態が多い
ストラテジ系,ガバナンス,Governance,統治・支配・管理
ストラテジ系,クロスライセンス,,外部技術の導入手法の一つで、企業が互いに有する特許の実施権を相互に許諾するもの
ストラテジ系,ゲーム理論,,"利害関係を持ち、行動が互いに影響し合う複数の個人や企業などについて、その行動を数理的に分析する理論である

例：競争者がいる地域での販売戦略の策定"
ストラテジ系,コアコンピタンス,Core Comppetence,自社の競合優位性を生む、競合他社に真似出来ない能力のこと
ストラテジ系,コーポレートガバナンス,Corporate Governance,"取締役会の実効性。企業統制
「企業の収益力の強化」、「企業の不祥事を防ぐ」"
ストラテジ系,コンカレントエンジニアリング,Concurrent Engineering,"コンカレント：並行、同時に（発生）
主に製造業において、設計から生産に至るまでの各プロセスを同時並行的に行うことで、開発期間や納期の短縮および生産コストの削減を図る手法"
ストラテジ系,コンジョイント分析,,購入者が商品において何を重視しているのかを分析する手法
ストラテジ系,サービスマーク,,役務商標。商品ではなくサービス
ストラテジ系,システムインテグレータ,System Integrators,情報システムの企画、構築、運用などの業務を一括して請け負う
ストラテジ系,シュリンクラップ契約,Shrink-wrap,購入者が`ソフトウェアのパッケージを開封する`ことで、`使用許諾に同意した`とみなす契約
ストラテジ系,ジョイントベンチャー,,合併企業。複数の企業が出資し合って相互の利益のために共同で経営を行っている企業のこと
ストラテジ系,スピンオフ,spin-off,一般的に派生や副産物を表す言葉として認識されているが、経営戦略上のスピンオフは、ある事業目的のため既存の会社の一部を分割し、元の会社との関係を保ったまま別の会社として独立させることを意味する
ストラテジ系,セグメンテーション,Segmentation,全体をいくつかの区分に分けて取り扱う手法
ストラテジ系,ダイバーシティ,,多様性
ストラテジ系,デファクトスタンダード,,"公には特段定められているわけでないのに、市場のシェアやユーザーからの支持により事実上その分野で標準的なものと認識されている状態のことを言う
特定の企業やグループなどが採用した仕様が広く使用されるようになり、事実上の業界標準になったもの"
ストラテジ系,ハイブリッド,Hybrid,複数の方式を組み合わせる、交雑種
ストラテジ系,パブリックドメイン,public domain,著作者が著作権を放棄するなどして知的財産権が消滅している状態のことをいう。誰もが自由に利用できる
ストラテジ系,ファシリテーター,Facilitator,進行役
ストラテジ系,ベストプラクティス,,将来のあるべき姿、成功事例など
ストラテジ系,ホワイトリスト,,すべて「拒否」する初期状態に「許可」する行為を定義したもの。迷惑メールフィルターなどで使用される
ストラテジ系,マーケットバスケット,,購買データの分析により、同時に購入されやすい商品の組合を明らかにする手法
ストラテジ系,リスティング報告,,"検索連動型広告。
検索エンジンを運営する企業と契約し、自社の商品・サービスと関連したキーワードが検索に用いられた際に広告を表示する仕組み"
ストラテジ系,リテールサポート,,卸売業・メーカーが小売店の経営活動を支援することによって、自社との取引量の拡大につなげる手法・概念
ストラテジ系,ロイヤルティ,,特許権や著作権などの特定の権利を利用する者が、その所有者に対して支払う利用価値のこと
テクノロジ系,"・奇数パリティ
・偶数パリティ",,"・ビット列とパリティビットを合わせて""1""のビット数が`奇数`になるようにパリティビットを付加する方式
・ビット列とパリティビットを合わせて""1""のビット数が`偶数`になるようにパリティビットを付加する方式"
テクノロジ系,エキスパートシステム,,"1980年代の人工知能研究から生まれたコンピューターシステム。人間の専門家（エキスパート）の意思決定過程をコンピューター上で再現するもの
知能ベースを利用して推論エンジンで推論を行う"
テクノロジ系,ニューラルネットワーク,,脳k脳に見られるいくつかの特性を計算機上のシミュレーションによって表現することを目指した数学モデル
テクノロジ系,バーチャルリアリティ,,仮想現実。コンピューターなどによって作り出された世界をコンピューターグラフィックスなどを利用してユーザーに体験させる技術。単にコンピューターグラフィックスを見せるだけでなく、ユーザーが仮想世界に働かせることができ、人間の五感のいずれかにその反応が返ってくることで人工的な現実感を得ることができることが特徴
テクノロジ系,ファジィコンピューター,,通常の集合と異なり、点がある集合に「属する」「属さない」のほかにこの2つの「中間的な状態」を許容するというファジィ集合を利用したファジィ制御を取り入れたコンピューター
マネジメント系,インベントリ,Inventory,"英語で商品や財産などの目録、あるいは商品や財産の目録を作成する在庫調査やたな卸しを意味する語。情報工学においては企業などで使用されている、PC本体の機種、そこに搭載されているCPU、メモリー、ハードディスクなどの部品、印刷機（プリンター）、ネットワーク機器などに関する情報のことを指す。
インベントリ収集は、これらの情報を定期的にシステムから取得することを目的としてクライアント管理ツールなどに備わっている機能"
マネジメント系,エスカレーション,Escalation,段階的取扱い。システム利用者からの問い合わせに対して、一次担当者が対処できない場合に、より対処能力に優れた上位の組織や担当者、管理者などに依頼して対応を引き継ぐこと、または、このような情報連絡・伝達の仕組みのこと
マネジメント系,グラスシーリング,,ガラスの天井。本来は昇進に値する能力を有しながらも、性別や人種などの見えない壁を理由に組織内での昇進が阻まれている状態を示す言葉
マネジメント系,クラッシング,Crashing,メンバーの時間外勤務を増やしたり、業務内容に精通したメンバーを新たに増員したりする。優先的に資源を投入すべきスケジュールアクティビティ：クリティカルパス上のスケジュールアクティビティ
マネジメント系,クリティカルチェーン法,,クリティカルパス法をベースに人員・設備などのリソース制限の考慮をこわ得たスケジュール技法
マネジメント系,グループウェア,,組織内での情報の管理や共有にコンピューターネットワークを活用し、組織を効率的に運営することを目的としたソフトウェア。主な機能として、電子会議室、電子掲示板、スケジュール管理、会議室予約、文書共有、ワークフローシステム（電子決裁）がある
マネジメント系,コンティンジェンシープラン,Contingency Plan,システムが抱える潜在的なリスクが現実化した際に、組織やシステムが被る損害を最小限にとどめ、速やかにその緊急事態の克服を図るための手続きが記述された対応計画のこと。事態の回復をするコントロールなので復旧に該当する
マネジメント系,コンティンジェンシー計画,Contingency,プロジェクトが抱える潜在的なリスクが現実化した際にｍプロジェクトが被る損害を最小限にとどめ、速やかにその緊急事態の克服を図るための手続きが記述された対応計画のこと。既知のリスクに対する対応計画の一部として策定され、ある事象が起きた場合に限り使用するものなので、発動条件となる事象とその時実行する対応策を記述する
マネジメント系,スコープ,,"プロジェクトの要素成果物、除外事項オヨに制限条件

目的1：プロジェクトの目標、成果物、要求事項及び境界を明確にする
目的2：プロジェクトの目標や成果物などの変更によって生じる、プロジェクトの機会となる影響を最大化し、脅威となる影響を最小化する"
マネジメント系,ステークホルダー,Stakeholder,株主・経営者・顧客・取引先などの利害関係者
マネジメント系,データマイニング,,データベースに蓄積された情報を統計的・数学的な手法で分析
マネジメント系,デモグラフィック,,年齢・性別・職業・住所・家族構成など人口統計学的属性で分類して行う分析のこと。新規顧客にこの分析を適用することで、傾向を把握することができる
マネジメント系,デルファイ法,Delphi,`複数の専門家から個別に意見の収集を行い`、得られた意見の集約をフィードバックするということを繰り返して、最終的に`意見の収束をしていく`手法
マネジメント系,フォローアップ,Follow up,監査対象部門による改善の実施状況をモニタリングし、システム監査人の立場で`改善の実現を支援`する
マネジメント系,ブレーンストーミング,Bbrainstorming,何人かが集まって、他人のアイディアを批判することなく、自由に多くのアイディアを出し合う
マネジメント系,ベンチマーキング,Benchmarking,自社の製品・サービスなどを定量的・定性的に測定し、それを同じプロセスに関する業界内外の成功事例（ベストプラクティス）と比較することで、自社のいい点や悪い点を評価する分析手法。分析によりベストプラクティスとの差異が明らかになった後は、ベストプラクティスを参考にして目標や実行計画を設定することで業務改善を進めている
マネジメント系,ホワイトカラーエグゼンプション,,ホワイトカラー労働者に対して労働法で定められた労働時間の規制の適用を緩和し、時間ではなく成果に対する報酬支払とすること、またはその制度を意味する。日本でも、高度プロフェッショナル制度として注目されている
マネジメント系,モンテカルロ法,,プロジェクトコストや所要期間の確率分布をもとに乱数を用いて半福的にシミュレーションを行うことで、コストや所要日数を予測する手法
マネジメント系,ラーニングカーブ,,経験曲線。同一製品の累積生産量が増えるにつれて、単位当たりの費用が低下していくことを示す右下がりの曲線
マネジメント系,ワークアラウンド,,回避策
マネジメント系,ワークライフバランス,,仕事と仕事から離れた個人の生活の両方について、どちらかが犠牲になることなく、それぞれをバランスよく充実させていこうという考え方
マネジメント系,特許ポートフォリオ,,組織が保有または出願している特許群を整理してまとめたもの。特許ポートフォリオを分析することで、今後取得すべき特許を明らかにしたり、知的財産戦略に関する意思決定に役立てたりすることができる
,ファイブフォース,,"業界の収益性を決める5つの競争要因から、業界の構造分析をおこなう手法。
"
ITパスポート,クラウドコンピューティング,,目的のコンピューター処理を行うために、自社のシステム資源を使う代わりにインターネット上のコンピューター資源やサービスを利用するシステムの形態
ITパスポート,情報リテラシー,,"情報（information）、識字（literacy）
探索・収集
整理・分析・評価
表現・発信

情報を活用する能力のこと"
ストラテジ系,イノベーションのジレンマ,,優良な大企業が、革新的な技術の追求よりも、既存技術の向上でシェアを確保することに注力してしまい、結果的に市場でのシェアの確保に失敗する現象
ストラテジ系,カニバリゼーション,,自社の既存商品がシェアを占めている市場に、自社の新商品を導入することで、既存商品のシェアを奪ってしまう現象
,,,
,,,
,,,
,,,
,,,
,,,
,,,
,,,
,,,
,,,
,,,
,,,
,,,
,,,
,,,
,,,
,,,
,,,
,,,
,,,
,,,
,,,
,,,
,,,
,,,
,,,
,,,
,,,
,,,
,,,
,,,
,,,
,,,
,,,
,,,
,,,
,,,
,,,
,,,
,,,
,,,
,,,
,,,
,,,
,,,
,,,
,,,
,,,
,,,
,,,
,,,
,,,
,,,
,,,
,,,
,,,
,,,
,,,
,,,
,,,
,,,
,,,
,,,
,,,
,,,
,,,
,,,
,,,
,,,
,,,
,,,
,,,
,,,
,,,
,,,
,,,
,,,
,,,
,,,
,,,
,,,
,,,
,,,
,,,
,,,
,,,
,,,
,,,
,,,
,,,
,,,
,,,
,,,
,,,
,,,
,,,
,,,
,,,
,,,
,,,
,,,
,,,
,,,
,,,
,,,
,,,
,,,
,,,
,,,
,,,
,,,
,,,
,,,
,,,
,,,
,,,
,,,
,,,
,,,
,,,
,,,
,,,
,,,
,,,
,,,
,,,
,,,
,,,
,,,
,,,
,,,
,,,
,,,
,,,
,,,
,,,
,,,
,,,
,,,
,,,
,,,
,,,
,,,
,,,
,,,
,,,
,,,
,,,
,,,
,,,
,,,
,,,
,,,
,,,
,,,
,,,
,,,
,,,
,,,
,,,
,,,
,,,
,,,
,,,
,,,
,,,
,,,
,,,
,,,
,,,
,,,
,,,
,,,
,,,
,,,
,,,
,,,
,,,
,,,
,,,
,,,
,,,
,,,
,,,
,,,
,,,
,,,
,,,
,,,
,,,
,,,
,,,
,,,
,,,
,,,
,,,
,,,
,,,
,,,
,,,
,,,
,,,
,,,
,,,
,,,
,,,
,,,
,,,
,,,
,,,
,,,
,,,
,,,
,,,
,,,
,,,
,,,
,,,
,,,
,,,
,,,
,,,
,,,
,,,
,,,
,,,
,,,
,,,
,,,
,,,
,,,
,,,
,,,
,,,
,,,
,,,
,,,
,,,
,,,
,,,
,,,
,,,
,,,
,,,
,,,
,,,
,,,
,,,
,,,
,,,
,,,
,,,
,,,
,,,
,,,
,,,
,,,
,,,
,,,
,,,
,,,
,,,
,,,
,,,
,,,
,,,
,,,
,,,
,,,
,,,
,,,
,,,
,,,
,,,
,,,
,,,
,,,
,,,
,,,
,,,
,,,
,,,
,,,
,,,
,,,
,,,
,,,
,,,
,,,
,,,
,,,
,,,
,,,
,,,
,,,
,,,
,,,
,,,
,,,
,,,
,,,
,,,
,,,
,,,
,,,
,,,
,,,
,,,
,,,
,,,
,,,
,,,
,,,
,,,
,,,
,,,
,,,
,,,
,,,
,,,
,,,
,,,
,,,
,,,
,,,
,,,
,,,
,,,
,,,
,,,
,,,
,,,
,,,
,,,
,,,
,,,
,,,
,,,
,,,
,,,
,,,
,,,
,,,
,,,
,,,
,,,
,,,
,,,
,,,
,,,
,,,
,,,
,,,
,,,
,,,
,,,
,,,
,,,
,,,
,,,
,,,
,,,
,,,
,,,
,,,
,,,
,,,
,,,
,,,
,,,
,,,
,,,
,,,
,,,
,,,
,,,
,,,
,,,
,,,
,,,
,,,
,,,
,,,
,,,
,,,
,,,
,,,
,,,
,,,
,,,
,,,
,,,
,,,
,,,
,,,
,,,
,,,
,,,
,,,
,,,
,,,
,,,
,,,
,,,
,,,
,,,
,,,
,,,
,,,
,,,
,,,
,,,
,,,
,,,
,,,
,,,
,,,
,,,
,,,
,,,
,,,
,,,
,,,
,,,
,,,
,,,
,,,
,,,
,,,
,,,
,,,
,,,
,,,
,,,
,,,
,,,
,,,
,,,
,,,
,,,
,,,
,,,
,,,
,,,
,,,
,,,
,,,
,,,
,,,
,,,
,,,
,,,
,,,
,,,
,,,
,,,
,,,
,,,
,,,
,,,
,,,
,,,
,,,
,,,
,,,
,,,
,,,
,,,
,,,
,,,
,,,
,,,
,,,
,,,
,,,
,,,
,,,
,,,
,,,
,,,
,,,
,,,
,,,
,,,
,,,
,,,
,,,
,,,
,,,
,,,
,,,
,,,
,,,
,,,
,,,
,,,
,,,
,,,
,,,
,,,
,,,
,,,
,,,
,,,
,,,
,,,
,,,
,,,
,,,
,,,
,,,
,,,
,,,
,,,
,,,
,,,
,,,
,,,
,,,
,,,
,,,
,,,
,,,
,,,
,,,
,,,
,,,
,,,
,,,
,,,
,,,
,,,
,,,
,,,
,,,
,,,
,,,
,,,
,,,
,,,
,,,
,,,
,,,
,,,
,,,
,,,
,,,
,,,
,,,
,,,
,,,
,,,
,,,
,,,
,,,
,,,
,,,
,,,
,,,
,,,
,,,
,,,
,,,
,,,
,,,
,,,
,,,
,,,
,,,
,,,
,,,
,,,
,,,
,,,
,,,
,,,
,,,
,,,
,,,
,,,
,,,
,,,
,,,
,,,
,,,
,,,
,,,
,,,
,,,
,,,
,,,
,,,
,,,
,,,
,,,
,,,
,,,
,,,
,,,
,,,
,,,
,,,
,,,
,,,
,,,
,,,
,,,
,,,
,,,
,,,
,,,
,,,
,,,
,,,
,,,
,,,
,,,
,,,
,,,
,,,
,,,
,,,
,,,
,,,
,,,
,,,
,,,
,,,
,,,
,,,
,,,
,,,
,,,
,,,
,,,
,,,
,,,
,,,
,,,
,,,
,,,
,,,
,,,
,,,
,,,
,,,
,,,
,,,
,,,
,,,
,,,
,,,
,,,
,,,
,,,
,,,
,,,
,,,
,,,
,,,
,,,
,,,
,,,
,,,
,,,
,,,
,,,
,,,
,,,
,,,
,,,
,,,
,,,
,,,
,,,
,,,
,,,
,,,
,,,
,,,
,,,
,,,
,,,
,,,
,,,
,,,
,,,
,,,
,,,
,,,
,,,
,,,
,,,
,,,
,,,
,,,
,,,
,,,
,,,
,,,
,,,
,,,
,,,
,,,
,,,
,,,
,,,
,,,
,,,
,,,
,,,
,,,
,,,
,,,
,,,
,,,
,,,
,,,
,,,
,,,
,,,
,,,
,,,
,,,
,,,
,,,
,,,
,,,
,,,
,,,
,,,
,,,
,,,
,,,
,,,
,,,
,,,
,,,
,,,
,,,
,,,
,,,
,,,
,,,
,,,
,,,
,,,
,,,
,,,
,,,
,,,
,,,
,,,
,,,
,,,
,,,
,,,
,,,
,,,
,,,
,,,
,,,
,,,
,,,
,,,
,,,
,,,
,,,
,,,
,,,
,,,
,,,
,,,
,,,
,,,
,,,
,,,
,,,
,,,
,,,
,,,
,,,
,,,
,,,
,,,
,,,
,,,
,,,
,,,
,,,
,,,
,,,
,,,
,,,
,,,
,,,
,,,
,,,
,,,
,,,
,,,
,,,
,,,
,,,
,,,
,,,
,,,
,,,
,,,
,,,
,,,
,,,
,,,
,,,
,,,
,,,
,,,
,,,
,,,
,,,
,,,
,,,
,,,
,,,
,,,
,,,
,,,
,,,
,,,
,,,
,,,
,,,
,,,
,,,
,,,
,,,
,,,
,,,
,,,
,,,
,,,
,,,
,,,
,,,
,,,
,,,
,,,
,,,
,,,
,,,
,,,
,,,
,,,
,,,
,,,
,,,
,,,
,,,
,,,
,,,
,,,
,,,
,,,
,,,
,,,
,,,
,,,
,,,
,,,
,,,
,,,
,,,
,,,
,,,
,,,
,,,
,,,
,,,
,,,
,,,
,,,
,,,
,,,
,,,
,,,
,,,
,,,
,,,
,,,
,,,
,,,
,,,
,,,
,,,
,,,
,,,
,,,
,,,
,,,
,,,
,,,
,,,
,,,
,,,
,,,
,,,
,,,
,,,
,,,
,,,
,,,
,,,
,,,
,,,
,,,
,,,
,,,
,,,
,,,
,,,
,,,
,,,
,,,
