分野,単語,英語,意味,
ITパスポート,BABOK,Business Analysis Body of Knowledge,経営ニーズやテークホルダの課題を調査し、整理し、検証して取りまとめるビジネス分析のノウハウやベストプラクティスを体系化したビジネスアナリシス知識体系ガイドという書籍のこと,
ITパスポート,BPMN,,"ビジネスプロセスモデリング表記法
11個の基本要素を用いて、ビジネスプロセスをワークフローとして視覚的に表現するための手法",
ITパスポート,OMG,Object Management Group,コンピュータ業界の非営利の標準化コンソーシアムであり、国際的で誰でも会員になれる。様々な技術および広範囲の業種について企業統合標準を開発している,
ITパスポート,SDGs,Sustainable Development Goals,"持続可能な開発目標
国連が採択した、2030年までに達成されるべき開発目標を示す言葉",
ITパスポート,SDK,Software Development Kit,"ソフトウェア開発キットのこと
開発者が特定のシステムに対応したソフトウェアを作成できるように、プログラム群や技術文書などの開発ツールワンセットにしたもの",
ITパスポート,SGA,Selling and Generally Administrative expenses,損益計算において使用される販売費および一般管理費の略称,
ITパスポート,SGML,Standard Generalized Markup Language,文書を電子的に変換するための汎用マークアップ言語で、文書の中にタグを埋め込んで、書体や文字の大きさ、段落などを記述することができる,
ストラテジ系,3PL,3rd Party Logistics,ある企業の物流の全部または一部を第三者企業が受託することで実現する物流業務形態の一つ,
ストラテジ系,ADAS,Advanced Driver-Assistance Systems,"先進運転支援システム
自動車に取り付けたセンサーで車両の状態、路面状況などのデータを計測し、ネットワークを介して保存し分析することによって、効率的な運転を支援する",
ストラテジ系,ANSI,American National Standards Institute,アメリカ合衆国の工業的な分野の標準化組織であり公の合意形成のために、様々な企画開発を行う団体,
ストラテジ系,AR,Augmented Reality,拡張現実とも呼ばれ、現実世界の情報にデジタル合成などによって作られた情報を重ねて、人間が見る現実世界を拡張する技術。現実の一部を改変する,
ストラテジ系,ASP,Application Service Provider,"インターネットを通じて、主に業務用のソフトウェアやアプリケーションの利用環境を顧客に提供する事業者

ソフトウェアをダウンロードさせる対価としてライセンス料を課金する（SaaSは使用量やプランによって金額が決まる）",
ストラテジ系,BCP,Business Continuity Planning,"事業続計画。現在、大半の組織では業務活動にICTを使用しており、情報システムへの依存度が増大している。実際に事業中断原因として、機器の故障やソフトウェア障害、マルウェア感染などが多く報告されており、情報システム障害は事業中断の大きさ原因となっている。このため、自然災害などだけでなく情報システム障害やマルウェア感染時の対応もBCPの検討範囲に含めるべき

使用目的：経営資源が縮減された状況における重要事業の継続
1. BCP発動フェーズ
2. 業務再開フェーズ
3. 業務回復フェーズ
4. 全面復旧フェーズ",
ストラテジ系,BI,Business Intelligence,"組織の業務システムに蓄積された膨大なデータを分析・加工し、営業や業務に役立つ情報を見つけ出す手法・技術の総称

ビジネスインテリジェンス。組織の業務システムに蓄積された膨大な企業外内のデータを分析・加工し、営業や業務に役立つ情報を見つけ出す手法・技術の総称",
ストラテジ系,BPD,Business Process Diagram,プロセスの機能を網羅的に表現するために、一つの要件に対し発しする事象を条件分岐の形式で記述する,
ストラテジ系,BPM,Business Process Management,企業内の業務の流れを可視化し、業務改善サイクルを適用することによって、継続的な業務改善を図る手法,
ストラテジ系,BPO,Business Process Outsourcing,経営資源をコアビジネスに集中させるために、社内業務のうちコアビジネス以外の業務を外部に委託すること,
ストラテジ系,BPR,Business Process Reengineering,"業務プロセスを抜本的に見直し再設計する手法
コスト、品質、サービス、スピードを革新的に改善させるために、ビジネスプロセスをデザインし直す概念のこと",
ストラテジ系,BRP,Business Process Reengineering,コスト、品質、サービス、スピードを革新的に改善させるために、ビジネスプロセスをデザインし直す概念のこと,
ストラテジ系,BTO,Build to Order,受注生産,
ストラテジ系,BYOA,Bring Your Own Access,私有するクラウドサービスやモバイルアプリで業務データを扱うこと,
ストラテジ系,BYOD,Bring Your Own Device,"従業員が個人的に所有するPCやスマートフォンなどの情報端末を職場に持ち込み、それを業務に仕様することを意味する
企業側はBYODを導入することで、これまで従業員に支給していた情報機器の調達コストや通信費を削減できるなどのメリットがあるが、管理が不十分端末を業務に仕様することになるので、情報漏洩やマルウェア感染などのセキュリティリスクは大きくなる",
ストラテジ系,CAB,Change Advisory Board,変更諮問委員会。要求されたシステム変更を承認または却下することを任務として設置した組織,
ストラテジ系,CAD/ CAM,"Computer Aided Design/ 
Computer Aided Manufacturing","・工業製品や建築物などの設計図面を作成する
・コンピューター支援製造。工場などの生産ラインをコンピューターを利用して制御するシステム

CAD/ CAMシステム：CADで作成された設計データをCAMに取り込み、CAMから工作機械に製造情報をおくることで生産ラインの制御が行われる仕組み",
ストラテジ系,CAE,Computer Aided Engineering,工業製品の設計・開発においてコンピューターを用いてシミュレーションや数値解析を行うこと,
ストラテジ系,CC,Creative Commons,"クリエイエィブコモンズ。著作物の再利用に関して著作者が提示する条件を策定し普及を進める活動やそれを行う団体のこと
著作物の共有をより円滑に行うために、再利用の許諾条件を著作者があらかじめ明示する枠組みを策定して普及させようとする活動及びその運営主体である団体名",
ストラテジ系,CF,Cash Flow statement,"キャッシュフロー。一定期間における現金の流入出の金額を表す
`営業活動`・`投資活動`・`財務活動`",
ストラテジ系,COCOMO,COnstructive COst MOdel,"開発規模が分かっていることを前提として、工数と工期を見積もる方法をである。ビジネス分野に限らず、全分野に適用可能である。
ソフトウェアの見積もりで、予想さっるプログラム行数にエンジニアの能力や要求の信頼性などの補正係数を掛け合わせて開発工数や期間、要因や生産性を見積もる手法",
ストラテジ系,CPIF,Cost Plus Incentive Fee,コストプラスインセンティブフィー契約。請け負った作業の履行に対するコストが償還され、事前に取り決めたフィーと、契約で定めたパフォーマンス目標レベルの達成度に応じたインセンティブを受け取る,
ストラテジ系,CPS,Cyber-Physical Systems,サイバーフィジカルシステム。現実（フィジカル）世界でIoTなどにより得たデータをもとに、サイバー空間でシミュレーションを行い、現実世界へのフィードバックを行うシステムである。災害時のシミュレーションなど、現実で再現が困難な対象にも用いることができる。誤答選択しはいずれも現実世界のデータでシミュレーションしてFBする要素がない,
ストラテジ系,CRM,Customer Relationship Management,多様なチャネルを通して集められた顧客情報を一元化し、活用することによって、顧客との関係を密接にしていく,
ストラテジ系,CSF,Critical Success Factor,重要成功要因。目標・目的を達成する上で決定的な影響を与える要因のことで、重点敵に資源を投下して取り込むべき重要な事項,
ストラテジ系,CSR,Corporate Social Responsibility,"企業活動において経済的成長だけでなく、環境や社会からの要請に対し、責任を果たすことが企業価値の向上につながるという考え方で、企業の社会的責任という意味を持っている
CSR調達は、この取り組みを拡大し、調達先の企業やサプライチェーン全体などにもCSRをもとめるもの
例：自然環境、人権などへの配慮を調達基準として示し、調達先に遵守を求める",
ストラテジ系,CTI,Computer Telephony Integration,受信した電話番号から顧客の情報、過去の問い合わせ内容及び回答の記録を、顧客情報データベースから呼び出してオペレーターの画面に表示する,
ストラテジ系,DFD,Data Flow Diagram,"データフローダイアグラム。データの流れによってプロセスを表現するために、データの発生、吸収の場所、蓄積場所、データの処理をデータの流れを示す矢印でつないで表現する

情報システムの開発の際に作成される業務モデル
システム開発の対象である業務の仕組みやプロセス",
ストラテジ系,DKIM,DomainKeys Identified Mail,アメリカ合衆国の工業的な分野の標準化組織であり公の合意形成のために、様々な企画開発を行う団体,
ストラテジ系,DOA,Data Oriented Approach,データフローダイアグラムを用い、情報に関するモデルと機能に関するモデルを同時に作成する,
ストラテジ系,DWH,Data Ware House,"データウェアハウス。企業内に散在しているデータの有効活用を目的に、過去から現在までの基幹系データベースや外部データベースを整理・統合した効果的な戦略的意思決定を支援するためのデータベースのこと
企業経営の意思決定を支援するために、目的別に編成された、時系列データの集まり",
ストラテジ系,EA,Enterprise Architecture,エンタープライズアーキテクチャ。社会環境や情報擬似術の変化に素早く対応できるよう、全体最適の観点から業務とシステム全体を改革するためのフレームワーク。主に大企業や政府、地方公共団体といった巨大な組織（enterprise）の業務手順と情報システムの標準化、組織の最適化を図るための方法論として活用される,
ストラテジ系,EAI,Enterprise Application Integration,企業内の異なるシステムをお互いに連結し、データやプロセスの統合を図ることによって、システムを全体として効率よく活用する手法,
ストラテジ系,EC,Electronic Commerce,電子商取引。コンピュータネットワークを介した商取引のこと。BtoB、BtoC、CtoCなど,
ストラテジ系,EDI,Electronic Data Interchange,電子データ交交換。異なる組織に設置されている端末間で、通信回線を介して取引のためのメッセージ（データ）を交換すること、またはその仕組み,
ストラテジ系,EMS,Electronics Manufacturing Service,"電子機器の受託生産を行うサービスや企業のこと。製造企業が個別の製品ごとにラインを設置するのは効率が悪いため外部の専門業者に委託するようになり、その結果として発達してきた業務形態
例：物流業務に加えて、流通加工なども含めたアウトソーシングサービスを行い、また荷主企業の物流企画も代行する",
ストラテジ系,EOB,Electronic Order Book,発注情報をデータエントリ端末から入力することによって、本部又は仕入先に送信し、発注を行うシステムである,
ストラテジ系,EOS,Electronic Ordering System,電子発注システム,
ストラテジ系,ERP,Enterprise Resource Planning,企業全体の経営資源を有効かつ総合的に計画して管理し、経営の効率向上を図るための手法・概念である,
ストラテジ系,EVA,Economic Value Added,"経済的付加価値のこと。企業が一定期間に生み出した経済的価値を評価する指標のひとつ
EVA = 税引後営業利益 - 投下資本 * 資本コスト",
ストラテジ系,EVM,Earned Value Management,"開発の期間と費用がトレードオフの関係にある場合に、総費用の最適化を図る。作業の出来高の時間的な推移を表現するのに適しており、費用管理と進捗管理が同時に行える。
パフォーマンス測定に使用するEVMの管理対象の組みは：コスト、スケジュール

PV(Planned Value)：プロジェクト開始当初、現時点までに計画されていた作業に対する予算
EV(Earned Value)：現時点までに完了した作業に割り当てられていた予算
AC(Actual Cost)：現時点までに完了した作業に対して実際に投入した総コスト

EC - AC < 0 ：コスト超過。完了済作業に対する予算よりも投下コストが多い
EV - PV < 0：進捗遅れ。完了済作業に対する予算が当初の予算よりも少ない

スケジュール効率(SPI)、EV / PVで求めることが出来る。SPIは1より小さいのでスケジュール効率は計画よりも悪いと判断できる",
ストラテジ系,FAQ,Frequently Asked Questions,何回も繰り返し質問される項目とその質問への回答をまとめたコンテンツのこと。いわゆる「よくある質問とその答え」や「Q&A」と呼ばれるもの。頻繁に問い合わせがある内容をその答えとともに提示することで、素早く解決できるようになるため、サポートデスクのコスト削減につながる,
ストラテジ系,FP,Function Point,"`画面数`・`帳票数`・`ファイル数`などを基準に、`機能の難易度`を定義して見積もる。
`機能の難易度`に対してポイントを付与してその`ポイントと機能の数`を掛け合わせて全体点数を算出する
ソフトウェアの機能を入出力データ数やファイル数などによって定量的に計測し、複雑さによる調整を行って、ソフトウェア規模を見積もる方法
アプリケーションにおける外部入力、外部出力、内部論理ファイル、外部インタフェールファイルなどの個数や特性、外部照らし合わせの五つの要素の個数
⇒
入力画面：x個
出力帳票：x個
検索画面：x個
テーブル：x個
他システム参照：x個
のような内容

算出された点数は`ファクションポイント値`と呼ぶ",
ストラテジ系,GDPR,,"EU（欧州連合）の一般データ保護規則。
適応範囲は：EU内に商品・サービスを提供　U　EU内の事業者",
ストラテジ系,GUI,Graphical User Interface,現在のPCでは当たり前になっている、画面上にアイコンやメニューなどの操作対象や選択項目を表示し、それをマウスなどのポインティングデバイスによって操作することでコンピューターを操作する仕組み,
ストラテジ系,HEMS,Home Energy Management System,ヘムズ。ICTを活用して、住宅内のエネルギー使用状況の監視、機器の遠隔操作や自動制御などを可能にし、家庭におけるエネルギー管理を支援するソリューション,
ストラテジ系,HR,Human Resource,人事,
ストラテジ系,HRM,Human Resource Management,人的資源管理。社員のスキルや行動特性を把握し、人事戦略の視点から適切な品イン配置・評価などのマネジメントを行う,
ストラテジ系,HTML,HyperText Markup Language,インターネットのホームページにおける画像、音声、ビデオなどを含むページを表現できるページ記述言語である,
ストラテジ系,IDM,Integrated Device Manufacturer,垂直統合型デバイスメーカー。自社内で回路設計から製造まで全ての設備をもち、自社ブランド製品を販売する,
ストラテジ系,IEEE,Institute of Electrical and Electronics Engineers,"アイ・トリプル・イー。電気・電子技術に関する非営利の団体であり、主な活動内容としては、学会活動、書籍の発行、IEEE規格の標準化を行っている
LANや無線LAN等に関する標準化活動を推進している",
ストラテジ系,IETF,Internet Engineering Task Force,TCP/IP・HTTP・SMTPなどのようにインターネット上で開発される技術やプロトコルなどを標準化する組織。標準化が行われた規格はRFCとしてインターネット上に公開され、誰もが自由に閲覧できるようになっている,
ストラテジ系,IRR,Internal Rate of Return,内部収益率。投資により将来得られるキャッシュフローの現在価値と投資額の現在価値とが等しくなる割引率（内部収益率）を求め、投資により見込まれる内部収益率が本来得るべき利回りより大きいかどうかで投資の可否を判断する手法,
ストラテジ系,ISP,In-System Programming,ある種のPLDやマイクロコントローラやその他プログラム可能な電子部品において、事前にプログラムを書き込んでからシステムに組み込むのではなく、組み込み済みの状態でプログラムを書き込むことである。アップデートのしやすさ,
ストラテジ系,ISP,Internet Service Provider,"インターネットへの接続サービスを提供する
インターネット接続業者",
ストラテジ系,KGI,Key Goal Indicator,重要目標達成指標。企業目標やビジネス戦略の遂行によって達成すべき到達目標（Goal）を、測定可能な数値で表したもの,
ストラテジ系,KPI,Key Performance Indicator,重要業績評価指標。企業目標やビジネス戦略の実現に向けて行われるビジネスプロセスについて、その実施状況をモニタリングするために設定する指標,
ストラテジ系,LMS,Learnng Manafement System,学習マネジメントシステム,
ストラテジ系,M&A,Mergers and Acquisitions,合併と買収の略で、自社に吸収合併したり、他社の株式を多く取得し買収することで子会社化し、自社の経営資源とすることが可能な戦略。新規事業や市場への参入、企業グループの再編、事業統合、経営が不振な企業の救済など様々な目的で実施される,
ストラテジ系,MBO,Management by Objectives,目標による管理。目標による管理。自ら設定した目標の達成を目指して従業員が主体的に業務に取り込み、その達成度に応じて評価が行われることである,
ストラテジ系,MBO,Management Buyout,企業の経営陣が自社株の買取りを実施し、企業の所有権を取得すること,
ストラテジ系,MHS,Message Handling System,電子メールについての標準を定めた規格であり、ITU-Tによって、X.4..として勧告されている,
ストラテジ系,MOT,Management of Technology,"技術経営。技術開発の成果によって事業利益を獲得すること
イノベーションを創出、経営の考え方",
ストラテジ系,MRP,Materials Requirements Planning,資材所要量計画。構成部品及び仕掛け品の在庫削減。部品表と生産計画をもとに必要な資材の所要量を求め、これを基準に在庫、発注、納入の管理を支援する計画方式、またはそれを実現するシステム,
ストラテジ系,MSP,Management Service Provider,"マネジメントサービスプロバイダ
サービス提供事業者が、ほかの企業の情報システムに関する企業や開発、運用、管理、保守業務を行うサービス",
ストラテジ系,NDA,Non Disclosure Agreement,"守非義務契約もしくは秘密保持契約
営業秘密や個人情報などをやり取りする取引を行う場合、その情報の開示の目的、範囲、官吏方法、禁止事項などを明確にするために締結された契約を指す",
ストラテジ系,NIST,National Institute of Standards and Technology,アメリカの技術革新や産業競争力を強化するために、経済保障を強化して生活の質を高めるように計測学、規格、産業技術を促進することを目的とする機関,
ストラテジ系,NPV,Net Present Value,"正味現在価値法。現金流入の現在価値から、現金流出の現在価値を差し引いたもの
一定期間におけるキャッシュフロー（インフロー、アウトフロー含む）に対して、現在価値でのキャッシュフローの合計値を求めるもの",
ストラテジ系,O2O,Online to Offline,オンライン・ツー・オフライン。インターネット上で先に販売促進キャンペーンなどを展開した上で、顧客を実世界の店舗に誘導して購買を促す手法,
ストラテジ系,ODM,Original Design Manufacturer,"設計も含めてえ受託する企業。自社で設計し、自社工場で生産した製品を相手先ブランドで納入する
製品の設計、試作、製造を一括して生産受託するサービスのこと",
ストラテジ系,OEM,Original Equipment Manufacturing,相手先の商標やブランドで製品を製造し、供給すること,
ストラテジ系,off-JT,Off-the-Job Training,実際の現場で行われるOJTに対して、主に業務にあたる上で求められる理論や原理を学ぶことを目的として、職場を離れた場所で行われる人材教育（研修や勉強会）,
ストラテジ系,OJT,On the Job Training,職場内訓練。実際の現場で上司や先輩の指導のもとで仕事を体系的・計画的に習得させていく教育方法。主に原理を知ることではなく業務遂行をできることを目的とした指導を行うときに行われる教育方法,
ストラテジ系,PBD,Privacy by Design,プライバシーバイデザイン。個人情報を取り扱うシステムを構築する際に、上流工程と呼ばれるシステムの企画・設計段階において個人情報を一貫して保護する仕組みを計画し、その仕組みを業務プロセスや開発するシステムに組み込む思想のこと,
ストラテジ系,PDF,Portable Document Format,テキストや画像だけでなく、レイアウトやフォントの情報などもファイルに収めることができる文書表示用のフォーマットである,
ストラテジ系,PDPC,Process Decision Program Chart,実施過程で起こりうる不測の事態を事前に予測しながら、計画の開始から最終結果に至る過程や手順を時間の推移に従って矢印で結合した図であり、試行錯誤をさえられない状態における最適策の立案に役立つ,
ストラテジ系,PERT,Program Evaluation and Review Technique,アローダイアグラム。工程の開始から完了までの各作業を、それぞれの関係を保ちながら時系列に並べて矢印で結んだ図であり、ある作業に遅れが生じた時の全体日程への影響を把握したり、最短日程を算出したりするのに役立つ,
ストラテジ系,PLM,Product Lifecycle Management,製品開発、製造、販売、保守、リサイクルに至る製造業のプロセスにおいて、製品に関連する情報を一元管理し、商品力向上やコスト低減を図る,
ストラテジ系,PMO,Project Management Office,リスクを最小化するように支援する専門組織を設けることによって、組織全体のプロジェクトマネジメント,
ストラテジ系,POS,Point Of Sales,"販売時点での商品ごとの販売情報の把握

JANコードという商品識別バーコードが用いられている（事業者コード、商品アイテムコード、チェックディジットで組み合わせる）",
ストラテジ系,PPM,Product Portfolio Management,プロダクトポートフォリオマネジメント。市場成長率,
ストラテジ系,PTS法,Predetermined Time Standard,既定時間標準法。観測対象の作業内容を基本動作にまで分解・分析し、作業条件ごとに設定した基本動作の標準時間から作業時間を割り出す,
ストラテジ系,RFC,Request for Comments,インターネット技術の標準仕様やルールを定めた公式文書群で、「コメントを求める」,
ストラテジ系,RFID,Radio Frequency IDentification,"ID情報を埋め込んだRFタグ（ICタグ）と電磁界や電波を用いることで、数cm～数mの範囲で情報のやり取りを行う技術。
特徴として【見えなくても読める】ことが挙げられる、RFタグが目に見えない隠れた位置にあっても、タグ表面がホコリや泥などで汚れていても読み取りすることができる。この利点が生かして乗車カード（スイカなど）以外に、電子荷札、野生動物の調査、自動レジ、家畜の管理等に利用されている",
ストラテジ系,ROA,Return On Asset,総資産利益率。当期純損益を総資産で割った数値で、収益性と効率性を同時に示す指標,
ストラテジ系,ROAS,Return On Advertising Spend,"広告の費用対効果を示す指標である
ROAS = 広告経由 / 広告費用 * 100(%)",
ストラテジ系,ROE,Return on Equity,自己資本利益率。ある企業が、一年間の企業活動を通じて「株主の投資額に比してどれだけ効率的に利益を獲得したか」を判断するのに用いられる指標。株主資本対する利益の割合なので、ROEは株主が投資を行うときの目安の1つとなる,
ストラテジ系,ROI,Return On Investment,"投資利益率。投資回収期間に得られる効果金額を投資額で割ったもので、投資してお金に対してどのくらい効率的に利益を生み出しているかを示す指標。投資の効率性を測る上で重要な指標であり、値が大きいほど投資効率が高いということになる。売上増やコスト削減などによって創出された利益額を投資額で割ったもの
ROI(%) = 利益/ 投資額 * 100",
ストラテジ系,RPA,Robotic Process Automation,"人間が行ってきた定型的なパソコン操作を、コンピューター上で動作するソフトウェアの力で自動化するもの。
ホワイトカラー（白い襟企業の管理部門などで事務労働をする人を指す）の単純な間接作業を、ルールエンジンや認知技術などを活用して代用するソフトウェア

・導入するに当たり、計画策定フェーズ、先行導入フェーズ、本格導入フェーズの3段階で分けて導入することある。
1. 情報収集、適用対象業務を選定、実証実験を行い自動化が可能かどうかを検証する。概念検証（PoC、Proof Of Concept）
2. 難易度が低い業務や一部の部署で試験的に導入する
3. 全社的に適用を開始する",
ストラテジ系,RPG,Report Program Generator,事務処理用の簡易言語で、データ検索や帳票作成を簡単にプログラムできる,
ストラテジ系,RSS,Really Simple Syndication,ブログやニュースサイトおよび電子掲示板などのWebサイトで、効率の良い情報収集や情報発信を行うために用いられる技術、またはそれに使用される文書フォーマットの名称。RSSリーダーというソフトウェアを使用することで指定したWebサイトの新着・更新情報を自動で取得できる,
ストラテジ系,SAAS,Software as a Service,ソフトウェアをネットワーク内のサーバーに置き、ユーザーが必要とする機能だけをサービスとしてネットワークを経由して提供するという考え方,
ストラテジ系,SCM,Supply Chain Management,"生産・在庫・購買・販売・物流などのすべての情報をリアルタイムに交換・一元管理することによって生産から販売に至る一連の流れ全体の効率を大幅に向上させることを目指す経営管理手法。
導入することで納期短縮や在庫削減といった効果が期待できる",
ストラテジ系,SEO,Search Engine Optimization,Webサイトを制作するときに、Googleなどの検索エンジンの検索で上位に表示されることを目指してページやサイト全体を最適化すること,
ストラテジ系,SET,Serure Electronic Transactions,決済に使用されるクレジットカード情報を暗号化したり、正規のショップであることを認証局によって確認することによって、取引の安全を確保する仕組みのこと,
ストラテジ系,SFA,Sales Force Automation,"営業活動にモバイル技術やインターネット技術といったICTを活用して、営業の質と効率を高め売上や利益の増加につなげようとする仕組み、またはそのシステムのこと
営業員の業務生産性向上と営業部門の組織力強化
営業日報の管理に加えて商談管理機能（コンタクト管理、行動管理、評価・実績管理）があり、営業担当者個人の支援に加えて営業グループ内で情報の共有を促進するなど、営業活動を支援する機能が備わっている
個々の営業担当者が保有している営業情報や営業ノウハウをデータベースで管理し、営業部門全体で共有できるように

コンタクト管理：顧客との商談の履歴を記録しておく機能で、商談の進捗（経緯）を管理することを目的とする。また進捗状態を営業部門全体で共有することにより部門全体で戦略的な営業方法を策定することも可能となる",
ストラテジ系,SLA,Service Level Agreement,"・発注者とITアウトソーシングサービス提供者との間で、サービスの品質について合意した文書のこと
・顧客及びサービス提供者のニーズ、並びに費用を考慮して、サービスレベルを設定する",
ストラテジ系,SLM,Service Level Management,サービスレベル合意書に基づき、顧客要件を満たすITサービスの提供を実現し、その品質の継続的な改善に必要なプロセスを構築するという考え方である,
ストラテジ系,SOA,Service Oriented Architecture,"サービス指向アーキテクチャ。部品化。業務を構成する機能や役割をサービスという独立した単位として分割し、それらのサービスを組み合わせ相互に連携させることで一つのシステムを構築する考え方。
ソフトウェアの機能をサービスという部品とみなし、そのサービスを組み合わせることでシステムを構築する概念のこと",
ストラテジ系,SOC,Security Operation Center,企業などにおいて、情報システムへの脅威の監視や分析を行う専門組織,
ストラテジ系,SOHO,Small Office Home Office,情報通信手段の活用によって、通勤時の時間的・精神的なロスのない勤務形態を実現できる環境,
ストラテジ系,SPA,Speciality store retailer of Private label Apparel,製品の企画から製造、販売までの機能を垂直統合した製造小売業のこと,
ストラテジ系,SPF,Sender Policy Framework,決済に関する電子メールなどの情報交換において、送信元とメールアドレスが正常であることを認証する仕組みのこと,
ストラテジ系,TLO,Technology Licensing Organization,大学の研究成果の特許化及び企業への技術移転の促進,
ストラテジ系,TOB,Take Over Bid,株式の公開買付けのことで買収や子会社化などの目的で市場から株式を集めたいときに、「買付け機関・買取り株数・価格」を公示して不特定多数の株主から株式を集める方法,
ストラテジ系,UML,Unified Modeling Language,オブジェクト指向開発で用いられる標準表記法群で、オブジェクト間の関連や動作・構成を表現する13種の図表から構成されている,
ストラテジ系,UX,User Experience,製品、システム、サービスなどの利用場面を想定したり、実際に利用したりすることによって得られる人の感じ方や反応,
ストラテジ系,VAN,Value Added Network,ネットワーク内で伝送されるデータを蓄積したり、データのフォーマットを変換したりするサービスなど、付加価値を加えた通信サービス,
ストラテジ系,VDI,Virtual Desktop Infrastructure,仮想デスクトップ環境を提供する技術,
ストラテジ系,VPN,Virtual Private Network,インターネット上に仮想の専用線を設定し、特定の人だけが利用できる専用ネットワーク,
ストラテジ系,VR,Virtual Reality,仮想現実。コンピューターなどによって作り出された世界をコンピューターグラフィックスなどを利用してユーザーに体験させる技術。見せるだけではなく、ユーザーが仮想世界に働きかけることもでき、人間の五感のいずれかにその反応が返ってくることが人工的な現実感を味わうことが出来る,
ストラテジ系,WBS,Work Breakdown Structure,"作業分解構造図。プロジェクト全体を階層的に細かい作業に分割する手法である。各手順を洗い出したり、各担当者を割り振って管理したりするために用いられる
プロジェクトで行う作業を階層的に要素分解したワークパッケージ",
ストラテジ系,XBRL,eXtensible Business Reporting Language,財務諸表や決算情報などの企業が公表するデータをコンピューターで読み取り可能な形式で記述するためのXMLベースの言語,
テクノロジ系,BBS,Bulletin Board System,電子掲示板。参加している人が自由に書き込みができるコンピューターシステム上の掲示板,
テクノロジ系,DNS,Domain Name System,ドメイン名（ホスト名）とIPアドレスを対応させ、相互に変換する仕組みのこと,
マネジメント系,3C,"Customer
Competitor
Company","顧客
競合
自社
市場や3つの観点を取り巻く業界環境を分析する手法",
マネジメント系,ASP.NET,Active Server Pages,GUIモデルによるWebアプリケーション開発を可能なMicrosoftが開発・提供するフレームワーク。簡易なGUI構築、ウィザードによるプログラムスケルトンの作成、ASPの利用などによってWeb環境で稼働するシステムを開発することができる,
マネジメント系,AVR,Automatic Voltage Regulator,自動電圧調整器。電圧を安定させるための装置,
マネジメント系,CAD,Computer Aided Design,コンピューター支援設計。コンピューターを用いて設計をすること、またはその設計システムのこと。設計図がデジタルデータであるメリットを活用し、様々な設計現場で設計作業や図面管理の効率化・迅速化に寄与する,
マネジメント系,CPM,Critical Path Method,クリティカルパスを求めることで、プロジェクト完了までの最短時間を決定したり、遅延が許されないタスクのつながりをはっきりさせることができる,
マネジメント系,CVCF,Constant Voltage Constant Frequency,定電圧周波数。電圧と周波数を安定させる装置、又はその機能のこと,
マネジメント系,EUC,End User Computing,"コンピューターを利用して日々の業務を行っている者が、自システムの構築や運用管理に積極的に携わったり、コンピューターを自主的に操作することにより、自分あるいは部門内の業務に役立てること。
利用者自身が、表計算ソフトや簡易データベースなどを活用し、業務を遂行することである（Excelのマクロ機能・VBAによる定型作業の効率化や、簡易データベースの作成による簡易などコンピューターを活用することにより業務改善が期待できる）",
マネジメント系,FMS,Flexible Manufacturing System,NC工作機械、自動搬送装置、倉庫などを有機的に結合し、コンピューターで集中管理することで多品種少量生産に対応できる生産の自動化を実現するシステム,
マネジメント系,IDE,Integrated Development Environment,統合開発環境。エディタ、コンパイラ、デバッガなどプログラミングに必要なツールが一つに統合され、一つのインタフェースで扱えるようになっている開発環境,
マネジメント系,ISMS,Information Security Management System,"情報セキュリティマネジメントシステム
情報の機密性、完全性、可用性を適切に維持管理する体制を構築し、運用し、改善することを目的とする",
マネジメント系,ITIL,Information Technology Infrastructure Library,"ITサービスマネジメントに関する`ベストプラクティス`（成功事例）　を体系的にまとめたもの（ITサービスマネジメントの世界標準）

サービスサポート：青本
サービスデリバリ：赤本",
マネジメント系,JIT,Just In Time,ジャストタイム、トヨタ自動車の生産方式の代表的な要素で、必要な物を、必要なときに、必要な量だけ生産することを意味する。在庫の無駄をなくし生産を最適化する目的がある,
マネジメント系,KM,," `ナレッジマネジメント`
* 知識管理
* 企業が保持している情報や、社員が持っている`ノウハウや経験`を一元管理することで、`企業全体の問題解決力を高める`経営を目指す",
マネジメント系,LOC法,Lines of Code,"プログラムステップ法。
ソースプログラムの行数を基準に、アルゴリズムの複雑さを加味して、ソフトウェアの開発期間を見積もる",
マネジメント系,MA,,顧客獲得・維持のためのマーケティング活動をITシステムで自動化するための仕組み,
マネジメント系,MTBF,Mean Time Between Failures,システムの修理が完了し正常に稼働し始めてから、次回故障するまでの平均故障間隔を表す,
マネジメント系,MTTR,Mean Time To Repair,システムの故障を修理するために要した平均修復時間を表す,
マネジメント系,PMBOK,Project Management Body Of Knowledge,"プロジェクトマネジメントに関する知識を体系的にまとめたもの（プロジェクトマネジメントの世界標準）
`5つのプロセス`と`10個の知識エリア`で整理

`5つのプロセス`：
1. 立ち上げ
2. 計画（Plan）
3. 実行（Do）
4. 監視・コントロール（Check・Action）
5. 終結

`10個の知識エリア`：
* 統合管理
* スコープ管理
* スケジュール管理
* コスト管理
* 品質管理
* 資源管理
* コミュニケーション管理
* リスク管理
* 調達管理
* ステークホルダー管理",
マネジメント系,RFM,Recency Frequency Monetary,"Recency：最終購買費
Frequency：購買頻度
Monetary：累計購買金額

顧客分析を行う手法。顧客の購買履歴から優良顧客を分類でき、その後の購買行動をチェックできる。優良顧客の維持の達成度の指標",
マネジメント系,RPO,Recovery Point Objective,目標復旧時点のこと。障害の発生などの理由により業務が中断した場合に、失ったデータを過去のどの時点に状態まで復旧させるかを示す目標値,
マネジメント系,RTO,Recovery Time Objective,目標復旧時間。業務中断後、どのくらいの時間で復旧させるかを示す目標値,
マネジメント系,SAM,Software Asset Management,"ソフトウェア資産管理。組織において利用しているソフトウェア（画像やフォントファイルなどを含む）および、それが稼働するハードウェア並びにソフトウェアライセンスという3つの資産を管理することを言う
これら3つの資産を効果的に管理することで、ライセンスコンプライアンスに対応し、ソフトウェア資産に係るリスクを低減、回避することを目的としている",
マネジメント系,SLCP,Software Life Cycle Process,"共通フレーム。開発から保守までのソフトウェアライフサイクルプロセス

1. 企画プロセス：経営目標を達成するために必要なシステム化の範囲、システム構成及び基本的なアーキテクチャが決定されている
2. 要件定義プロセス：システムに対する要件及び制約事項が決定されている。対象システムを含む業務や運用のための組織に関する要件が決定されている
3. 開発プロセス：システム要件に照らして最適化されたソフトウェアの要件が決定されている
4. 運用プロセス：当初の目的の環境で、システム/ソフトウェア製品を運用する
5. 保守プロセス：運用中のシステム/ソフトウェアに対する変更や機能改善への対応、プログラムの欠陥への対応のためにプログラムの修正を実施する",
マネジメント系,SMS,Service Management System,サービスマネジメントシステム,
マネジメント系,SPD,Surge Protective Device,サージ保護機器。施設の近くで落雷があると瞬間的に高い電圧（サージ）が発生する。この大きな電流が電話回線や電線を通じてシステムに侵入すると、コンピューターが壊れてしまう恐れがある。この過電圧の被害から機器を防御するのがSPDやOAタップ等に装備されているサージプロテクト機能,
マネジメント系,TCO,Total Cost of Ownership,"システムの費用を表す総所有費用/総所有コスト
ある設備・システムなどを取得してから廃棄に至るまでに発生するコストの総額を表す。特にITシステムでは購入金額や利用料金以外にもライフサイクルを通して様々なコストが生じるため、全体のコストを総合的かつ正確に把握することが効果的な投資判断に繋がる。
システム導入から運用及び維持・管理までを含めた費用の総額",
マネジメント系,UPS,Uninterruptible Power Supply,落雷などによる突発的な停電が発生したときに自家発電装置が電源を供給し始めるまでの間、サーバーに電源を供給する役目をもつ機器。機器内部に電気を蓄えていて、電源の瞬断時にシステムを安全に終了する時間を与えてくれたり、自家発電装置による電源供給までの間繋ぎの役目を果たしたりする,
マネジメント系,VE,Value Engineering,"バリューエンジニアリング
価値 = 機能 / コスト。商品やサービスの価値を機能とコストの関係で分析し、価値を向上させる手法",
マネジメント系,WOL,Wake on LAN,"コンピューターネットワーク（主にLAN）に繋がっているコンピューターの電源操作（投入やシャットダウンなど）を遠隔で操作する技術またはその行為を指す

遠隔操作によるソフトウェア保守は以前からあるが、システムの電源だけは管理者などがON/OFFしなくてはならず、保守対象のコンピューター台数が増えるほどこの手間が増大する問題がある。WOL技術を使えば、電源操作を遠隔操作することでこの電源管理の手間を省き、より効率的な保守作業ができるようになる。ただし、WOLを使うには、マザーボード、ネットワークカード、BIOS、OSなどがこの技術に対応している必要があるため、設置に際して障害がある場合がある",
,,,,
,,,,
,,,,
,,,,
,,,,
,,,,
,,,,
,,,,
,,,,
,,,,
,,,,
,,,,
,,,,
,,,,
,,,,
,,,,
,,,,
,,,,
,,,,
,,,,
,,,,
,,,,
,,,,
,,,,
,,,,
,,,,
,,,,
,,,,
,,,,
,,,,
,,,,
,,,,
,,,,
,,,,
,,,,
,,,,
,,,,
,,,,
,,,,
,,,,
,,,,
,,,,
,,,,
,,,,
,,,,
,,,,
,,,,
,,,,
,,,,
,,,,
,,,,
,,,,
,,,,
,,,,
,,,,
,,,,
,,,,
,,,,
,,,,
,,,,
,,,,
,,,,
,,,,
,,,,
,,,,
,,,,
,,,,
,,,,
,,,,
,,,,
,,,,
,,,,
,,,,
,,,,
,,,,
,,,,
,,,,
,,,,
,,,,
,,,,
,,,,
,,,,
,,,,
,,,,
,,,,
,,,,
,,,,
,,,,
,,,,
,,,,
,,,,
,,,,
,,,,
,,,,
,,,,
,,,,
,,,,
,,,,
,,,,
,,,,
,,,,
,,,,
,,,,
,,,,
,,,,
,,,,
,,,,
,,,,
,,,,
,,,,
,,,,
,,,,
,,,,
,,,,
,,,,
,,,,
,,,,
,,,,
,,,,
,,,,
,,,,
,,,,
,,,,
,,,,
,,,,
,,,,
,,,,
,,,,
,,,,
,,,,
,,,,
,,,,
,,,,
,,,,
,,,,
,,,,
,,,,
,,,,
,,,,
,,,,
,,,,
,,,,
,,,,
,,,,
,,,,
,,,,
,,,,
,,,,
,,,,
,,,,
,,,,
,,,,
,,,,
,,,,
,,,,
,,,,
,,,,
,,,,
,,,,
,,,,
,,,,
,,,,
,,,,
,,,,
,,,,
,,,,
,,,,
,,,,
,,,,
,,,,
,,,,
,,,,
,,,,
,,,,
,,,,
,,,,
,,,,
,,,,
,,,,
,,,,
,,,,
,,,,
,,,,
,,,,
,,,,
,,,,
,,,,
,,,,
,,,,
,,,,
,,,,
,,,,
,,,,
,,,,
,,,,
,,,,
,,,,
,,,,
,,,,
,,,,
,,,,
,,,,
,,,,
,,,,
,,,,
,,,,
,,,,
,,,,
,,,,
,,,,
,,,,
,,,,
,,,,
,,,,
,,,,
,,,,
,,,,
,,,,
,,,,
,,,,
,,,,
,,,,
,,,,
,,,,
,,,,
,,,,
,,,,
,,,,
,,,,
,,,,
,,,,
,,,,
,,,,
,,,,
,,,,
,,,,
,,,,
,,,,
,,,,
,,,,
,,,,
,,,,
,,,,
,,,,
,,,,
,,,,
,,,,
,,,,
,,,,
,,,,
,,,,
,,,,
,,,,
,,,,
,,,,
,,,,
,,,,
,,,,
,,,,
,,,,
,,,,
,,,,
,,,,
,,,,
,,,,
,,,,
,,,,
,,,,
,,,,
,,,,
,,,,
,,,,
,,,,
,,,,
,,,,
,,,,
,,,,
,,,,
,,,,
,,,,
,,,,
,,,,
,,,,
,,,,
,,,,
,,,,
,,,,
,,,,
,,,,
,,,,
,,,,
,,,,
,,,,
,,,,
,,,,
,,,,
,,,,
,,,,
,,,,
,,,,
,,,,
,,,,
,,,,
,,,,
,,,,
,,,,
,,,,
,,,,
,,,,
,,,,
,,,,
,,,,
,,,,
,,,,
,,,,
,,,,
,,,,
,,,,
,,,,
,,,,
,,,,
,,,,
,,,,
,,,,
,,,,
,,,,
,,,,
,,,,
,,,,
,,,,
,,,,
,,,,
,,,,
,,,,
,,,,
,,,,
,,,,
,,,,
,,,,
,,,,
,,,,
,,,,
,,,,
,,,,
,,,,
,,,,
,,,,
,,,,
,,,,
,,,,
,,,,
,,,,
,,,,
,,,,
,,,,
,,,,
,,,,
,,,,
,,,,
,,,,
,,,,
,,,,
,,,,
,,,,
,,,,
,,,,
,,,,
,,,,
,,,,
,,,,
,,,,
,,,,
,,,,
,,,,
,,,,
,,,,
,,,,
,,,,
,,,,
,,,,
,,,,
,,,,
,,,,
,,,,
,,,,
,,,,
,,,,
,,,,
,,,,
,,,,
,,,,
,,,,
,,,,
,,,,
,,,,
,,,,
,,,,
,,,,
,,,,
,,,,
,,,,
,,,,
,,,,
,,,,
,,,,
,,,,
,,,,
,,,,
,,,,
,,,,
,,,,
,,,,
,,,,
,,,,
,,,,
,,,,
,,,,
,,,,
,,,,
,,,,
,,,,
,,,,
,,,,
,,,,
,,,,
,,,,
,,,,
,,,,
,,,,
,,,,
,,,,
,,,,
,,,,
,,,,
,,,,
,,,,
,,,,
,,,,
,,,,
,,,,
,,,,
,,,,
,,,,
,,,,
,,,,
,,,,
,,,,
,,,,
,,,,
,,,,
,,,,
,,,,
,,,,
,,,,
,,,,
,,,,
,,,,
,,,,
,,,,
,,,,
,,,,
,,,,
,,,,
,,,,
,,,,
,,,,
,,,,
,,,,
,,,,
,,,,
,,,,
,,,,
,,,,
,,,,
,,,,
,,,,
,,,,
,,,,
,,,,
,,,,
,,,,
,,,,
,,,,
,,,,
,,,,
,,,,
,,,,
,,,,
,,,,
,,,,
,,,,
,,,,
,,,,
,,,,
,,,,
,,,,
,,,,
,,,,
,,,,
,,,,
,,,,
,,,,
,,,,
,,,,
,,,,
,,,,
,,,,
,,,,
,,,,
,,,,
,,,,
,,,,
,,,,
,,,,
,,,,
,,,,
,,,,
,,,,
,,,,
,,,,
,,,,
,,,,
,,,,
,,,,
,,,,
,,,,
,,,,
,,,,
,,,,
,,,,
,,,,
,,,,
,,,,
,,,,
,,,,
,,,,
,,,,
,,,,
,,,,
,,,,
,,,,
,,,,
,,,,
,,,,
,,,,
,,,,
,,,,
,,,,
,,,,
,,,,
,,,,
,,,,
,,,,
,,,,
,,,,
,,,,
,,,,
,,,,
,,,,
,,,,
,,,,
,,,,
,,,,
,,,,
,,,,
,,,,
,,,,
,,,,
,,,,
,,,,
,,,,
,,,,
,,,,
,,,,
,,,,
,,,,
,,,,
,,,,
,,,,
,,,,
,,,,
,,,,
,,,,
,,,,
,,,,
,,,,
,,,,
,,,,
,,,,
,,,,
,,,,
,,,,
,,,,
,,,,
,,,,
,,,,
,,,,
,,,,
,,,,
,,,,
,,,,
,,,,
,,,,
,,,,
,,,,
,,,,
,,,,
,,,,
,,,,
,,,,
,,,,
,,,,
,,,,
,,,,
,,,,
,,,,
,,,,
,,,,
,,,,
,,,,
,,,,
,,,,
,,,,
,,,,
,,,,
,,,,
,,,,
,,,,
,,,,
,,,,
,,,,
,,,,
,,,,
,,,,
,,,,
,,,,
,,,,
,,,,
,,,,
,,,,
,,,,
,,,,
,,,,
,,,,
,,,,
,,,,
,,,,
,,,,
,,,,
,,,,
,,,,
,,,,
,,,,
,,,,
,,,,
,,,,
,,,,
,,,,
,,,,
,,,,
,,,,
,,,,
,,,,
,,,,
,,,,
,,,,
,,,,
,,,,
,,,,
,,,,
,,,,
,,,,
,,,,
,,,,
,,,,
,,,,
,,,,
,,,,
,,,,
,,,,
,,,,
,,,,
,,,,
,,,,
,,,,
,,,,
,,,,
,,,,
,,,,
,,,,
,,,,
,,,,
,,,,
,,,,
,,,,
,,,,
,,,,
,,,,
,,,,
,,,,
,,,,
,,,,
,,,,
,,,,
,,,,
,,,,
,,,,
,,,,
,,,,
,,,,
,,,,
,,,,
,,,,
,,,,
,,,,
,,,,
,,,,
,,,,
,,,,
,,,,
,,,,
,,,,
,,,,
,,,,
,,,,
,,,,
,,,,
,,,,
,,,,
,,,,
,,,,
,,,,
,,,,
,,,,
,,,,
,,,,
,,,,
,,,,
,,,,
,,,,
,,,,
,,,,
,,,,
,,,,
,,,,
,,,,
,,,,
,,,,
,,,,
,,,,
,,,,
,,,,
,,,,
,,,,
,,,,
,,,,
,,,,
,,,,
,,,,
,,,,
,,,,
,,,,
,,,,
,,,,
,,,,
,,,,
,,,,
,,,,
,,,,
,,,,
,,,,
,,,,
,,,,
,,,,
,,,,
,,,,
,,,,
,,,,
,,,,
,,,,
,,,,
,,,,
,,,,
,,,,
,,,,
,,,,
,,,,
,,,,
,,,,
,,,,
,,,,
,,,,
,,,,
,,,,
,,,,
,,,,
,,,,
,,,,
,,,,
,,,,
,,,,
,,,,
,,,,
,,,,
,,,,
,,,,
,,,,
,,,,
,,,,
,,,,
,,,,
,,,,
,,,,
,,,,
,,,,
,,,,
,,,,
,,,,
,,,,
,,,,
,,,,
,,,,
,,,,
,,,,
,,,,
,,,,
,,,,
,,,,
,,,,
,,,,
,,,,
,,,,
,,,,
,,,,
,,,,
,,,,
,,,,
,,,,
,,,,
,,,,
,,,,
,,,,
,,,,
,,,,
,,,,
,,,,
,,,,
,,,,
