分野,単語,意味の違い
ITパスポート,色々なIoTシステム,"・組み込みシステム：「エンベデッドシステム」。産業機器や家電製品の特定機能を実現すること目的として、最初から機器内部に搭載されているシステム

・エンタープライズシステム：全社規模で導入される大型の情報システムのこと

・エキスパートシステム：1980年代の人工知能研究から生まれたコンピューターシステムで、人間の専門家（エキスパート）の意思決定過程をコンピューター上で再現するもの

・シンプレックスシステム：二重化などを行わず必要最低限の機器で構成される一系統のシステムのこと"
ストラテジ系,"・クラウドソーシング
・クラウドファンディング","・発注者がインターネット上で発注対象の業務内容や発注条件を告知し、受注者を募集する
・企業や起業家がインターネット上で事業資金を必要とする目的や内容を告知し、資金提供者を募集する"
ストラテジ系,"・スケールメリット
・シナジー効果","・規模の経済性ともいわれ、生産規模を拡大するほど生産性や経済効率が向上し、利益率が高くなることをいう。生産量が多いほど享受できる生産上の利点のこと
・相乗効果ともいわれ、2つ以上の要素が組み合わせることで、それぞれの単体で得られる効果の合計より大きな効果を得ることが出来る"
ストラテジ系,"・デジタルディバイド
・デジタルサイネージ
・デジタルネイティブ
・デジタルウォーターマーク
・デジタル署名
・デジタルトランスフォーメーション","・情報格差
・電子看板
・生まれた時から、パソコンやスマートフォン及びインターネットなどが側にあり、それらの中で生活することや電子機器を利活用することが当たり前の環境の中で育った世代のこと
・電子透かし。不正利用を防止するためにデータに識別情報を埋め込む技術
・情報の正当性を保証するために使用される電子的な署名
・DX。クラウド、モバイル、AI,IoTなどの新たなデータとデジタル技術を戦略的に活用してビジネスを変革し、競争上の優位性を確立すること"
ストラテジ系,"・ファブレス
・ファウンドリ","・生産工場（fabrication）を所要しない
・他社から半導体のっ生産を受託することを専門とする会社な。複数の企業から生産だけを専門に請け負い、多くの製品を艇コストで生産する"
ストラテジ系,"・ベンチマーキング
・コアコンピタンス","・自社の製品やサービスを測定し、他社の優れた’それから」
・他社を見て学ぶ"
ストラテジ系,"【標準化】
ISO900001シリーズ
品質システム要求事項",設計、開発、製造、試験
ストラテジ系,"【標準化】
ISOなんちゃら","・ `ISO 9000`      シリーズ：`品質`マネジメントシステム
　　・JIS Q 9000 シリーズ
　　・ISO 9001：組織の品質マネジメントシステムについて要求事項を定めた国際標準規格。製品・サービスの品質管理や顧客満足度の向上を目的としている

・`ISO 14000`     シリーズ：`環境`マネジメントシステム
　　・JIS Q 14000 シリーズ
　　・ISO 14001：組織の環境マネジメントシステムについて要求事項を定めた国際標準規格。企業や組織が環境への負荷を最小限に抑えるための仕組みを構築・運用することを目的としてる
　　・ISO 15001：個人情報保護マネジメントシステムの構築・運用に関する日本産業規格。主に「プライバシーマーク制度」の審査基準として用いられている

・`ISO/IEC 20000` シリーズ：`ITサービス`マネジメントシステム
　　・JIS Q 20000 シリーズ

・ `ISO/IEC 27000` シリーズ：`情報セキュリティ`マネジメントシステム
　　・JIS Q 27000 シリーズ
　　・ISO/IEC 27017：クラウドサービスの提供と利用に関しての情報セキュリティ管理策が規定された国際基準規格。情報セキュリティ管理策のベストプラクティスを定めたISO/IEC 27002を基準として、クラウドサービス固有のリスクに対応する追加的な管理策が示されている。ISO/IEC 27017に対応する認証制度として、ISMSクラウドセキュリティ認証がある"
ストラテジ系,"【標準化】
デジュール標準
（デジュレスタンダード）","公的な標準化機関において、透明かつ公正な手続きの下、関係者が合意の上で制定したもの

・ITIL（アイティル）：ITサービスマネジメントのベストプラクティスを集めたフレームワーク

・ISMS：情報セキュリティマネジメントシステム。情報の機密性、完全性、可用性を適切に維持管理する体制の構築し、運用し、改善することを目的とする

・JIS（日本産業規格）：工業製品が、定められた品質、寸法、機能及び形状の範囲内であることを保証したもの

・プライバシーマーク：JIS Q 15001に基づき、個人情報について適切な保護措置を講ずる多成を設備している事業者などを認定し、事業活動に関してプライバシーマークの使用を認める制度

・ISO 90001：品質マネジメントシステムに関する国際規格。品質を管理する体制を構築し、運用し、改善することを通して、顧客要求事項を満たすことを目的とするので、設問の目的に適合する方策"
ストラテジ系,"【標準化】
デファクト標準
（デファクトスタンダード）","特定の企業が開発した仕様が’利用された結果、事実上の業界標準になったもの

Windows、PhotoShop、Microsoft Office、Google"
ストラテジ系,"【標準化】
フォーラム標準","特定の分野に関心のある複数の企業などが集まって結成した組織が、規格として作った物

W3C、IETF、DVD、MPEG、USG、Bluetooth"
ストラテジ系,"【法律】
サイバーセキュリティ基本法","・6つの基本理念
・国、地方公共団体、重要社会基盤事業者、サイバー関連事業者その他の事業者、教育研究機関の責務
・国民の努力義務
・サイバーセキュリティ戦略
・11個の基本的施策
・サイバーセキュリティ戦略本部の設置

1. 国の行政機関等におけるサイバーセキュリティの確保
2. 重要社会基盤事業者等におけるサイバーセキュリティの確保の促進
3. 民間事業者及び教育研究機関等の自発的な取り組みの促進
4. 多様な主体の連携等
5. サイバーセキュリティ協議会の組織
6. 犯罪の取り締及び被害の拡大の防止
7. 我が国の安全に重大な影響を及ぼす恐れのある事象への対応
8. 産業の振興及び国際競争力の強化
9. 研究開発の推進等
10. 人材の確保等
11. 教育及び学習の振興、普及啓発等
12. 国際協力の推進等"
ストラテジ系,"【法律】
マイナンバー法","社会保障、税、災害対策
行政手続きにおける特定の個人を識別するための番号の量などに関する法律"
ストラテジ系,"【法律】
個人情報保護法","個人情報取扱業者を「個人情報データベースなどを事業の用に供している者」と定義している。
個人情報をまとめて検索可能としたものを業務に使用しているすべての組織が、個人情報取扱事業者として扱われる。ただし、国の機関、地方公共団体、独立行政法人、地方独立行政法人については、この規定の対象外となっている。銀行などは対象内"
ストラテジ系,"【法律】
産業財産権",意匠権、実用新案権、商標権、特許権
ストラテジ系,"【法律】
不正競争防止法",営業秘密：秘密として管理されている生産方法、販売方法その他の事業活動に有用な技術上又は営業上の情報であって公然と知らされていないものをいう‘
ストラテジ系,"【法律】
法律","・刑法
　・168条の2、168条の3の「不正指令電磁的記録に関する罪」（通称、ウィルス作成罪）：住所や氏名などの個人情報を不正に詐取するプログラムを作成して配布する

・著作権
　・公衆送信権：商用の音楽コンテンツを、ブログで不特定多数がダウンロードできる状態にする

・電子計算機損壊等妨害罪：特定のWebサイトに対する大量のアクセスを扇動する書き込みを、電子掲示板に投稿する

・不正アクセス禁止法：他人のIDとパスワードを、本人に無断で第三者に口頭で伝える。ネットワーク接続∩アクセス制御機能のコンピューターは不正アクセス行為の対象になり得る（ITパスポート・平成30年秋問1）

・製造物責任法（PL法）：製造物の安全性上の欠陥により消費者側に被害が生じた際に製造業者の損害賠償の責任について定めることで、被害者の保護を目的とした法律。ソフトウェアは無体物であり対象外だが、この場合は欠陥んがある部品（ソフトウェア）を含むハードウェアに欠陥があるものとされるため対象となる

・不正競争防止法：事業者間の不正な競争などを確保するため、営業秘密侵害、原産地偽装、コピー商品の販売などの不正競争を規制する法律。この法律では、公正さに欠ける不当な手段で市場競争を行う行為を不正競争として規制している"
ストラテジ系,AI,"・RPA、Robotic Process Automation：作成したシナリオにも続いて動作するソフトウェアロボットによって業務を自動化する

・生成AI：自然言語などで与えられた指示（プロンプト）に基づいて、利用者の要求に沿った新しいコンテンツを創作する。自然言語だけではなく画像や音声などの複数の形式の同時に処理できる、マルチモーダル化も進展している

・予測AI：過去のデータから項目間の相関などを学習したモデルを用いて、現在データから将来の値を予測して出力する"
ストラテジ系,"アクティビティ図
オブジェクト図
クラス図
コンポーネント図",
ストラテジ系,イノベーション,"* `プロダクトイノベーション`：`製品改革`。革新的な新商品を開発するなど、`製品そのものの技術革新`。共同プロジェクトを設置して新規製品を開発する。例：社内の製造部と企画部で共同プロジェクトを設置し、新規製品を開発する。技術主導型、ニーズ主導型、類似品型、商品コンセプト型などのアプローチ法がある

* `プロセスイノベーション`：開発や製造、物流などの`プロセスの技術革新`

* `インクリメンタルイノベーション`：既存製品の部品改良など小さな改善をする技術革新

* `ラディカルイノベーション`：経営構造など根本的な部分の改革を必要とする技術革新

* `オープンイノベーション`：社外からアイデアを募集し、新サービスの開発に活用する

* 破壊的イノベーション：技術革新によって、後発製品が先発製品の市場を衰退させること

* `コーポレートブランディング`：ブランド向上を図るために、自社製品の革新性についてWebに掲載する"
ストラテジ系,オンプレミス,"1. `従来型オンプレミス`：`自社施設内`で`自社サーバー`を運用
2. `ハウジングサービス`：`データセンター`に`自社サーバーを預けて`運用
3. `ホスティングサービス`：サービス事業者から`サーバーをレンタル`"
ストラテジ系,グリーン,"・グリーン投資：環境保全活動を実施している企業がその活動内容を広くアピールし、投資家から環境保全のための資金を募ることである

・環境ラベリング制度の国際規格ISO14020シリーズ：第三者が一定の基準に基づいて環境保全に資する製品を認定する、エコマークなどの環境表示に関する国際規格のことである

・グリーン電力証書：太陽光、バイオマス、風力、地熱などの自然エネルギーによって発電されたグリーン電力を、市場で取引可能にする証書のことである

・グリーン調達：品質や価格の要件を満たすだけでなく、環境負荷が小さい製品やサービスを、環境負荷の低減に努める事業者から優先して購入することである"
ストラテジ系,ソフトウェア形態,"・パッケージソフトウェア：内容が記録メディアに記録され、店頭で包装された状態で販売されているソフトウェアの総称

・シェアウェア：一定の試用期間の間は無料で利用することができ、継続して利用する場合には料金を支払うことで権利を得るライセンス形態

・ユーティリティソフトウェア：Utility：役立つもの、有用性、効用、公益などの意味である特定の機能を実現するために設計されたソフトウェアのこと。圧縮ソフトやウィルス対策ソフト、ファイル操作を行うソフトなどがある"
ストラテジ系,ソリューションビジネス,"・`IaaS`（`インフラ`）（Infrastructure as a service）：土地。`システム構築に必要な基盤のみ提供`
・`PaaS`（`プラットフォーム`）（Platform as a service）：家を借りる（家具家電付いてない）。アプリ開発のための開発環境をまとめて提供するサービス
・`SaaS`（`ソフトウェア`）（Software as a Service）：土地と家と家の中の細かい家電まですべてまると借りるイメージ。`アプリケーションまでの全サービスを提供`。SaaSは使用量やプランによって金額が決まる

・ASP：Application Service Provider。インターネットを通じて、主に業務用のソフトウェアやアプリケーションの利用環境を顧客に提供する事業者。ソフトウェアをダウンロードさせる対価としてライセンス料を課金する

・ISP：インターネット接続業者。インターネットへの接続サービスを提供する。

・MSP：Management Service Provider。マネジメントサービスプロバイダ。サービス提供事業者が、ほかの企業の情報システムに関する企業や開発、運用、管理、保守業務を行うサービス

・`アウトソーシング`（BPO）：業務に`必要な人`や`ノウハウ`を`外部から調達`する手法。業務委託料を課金する

・クラウドソーシング、Crowd Sourcing：マッチングを行うWebサイトを通じ、インターネット上の不特定多数の人に仕事を依頼できるサービス"
ストラテジ系,データ,"・データモデリング：E-R図やUMLを用いて業務プロセスや業務データを構造化・組織化して表現すること

・データプロセッシング：コンピューターでデータを処理し、有用な結果を得る操作

・データウェアハウス：企業内に散在しているデータの有効活用を目的に、過去から現在までの基幹系データベースや外部データベースを整理・統合した効果的な戦略的意思決定を支援するためのデータベース

・データマイニング：データウェアハウスに蓄積されている大量の生データから、統計学的手法や数学的手法を用いて今まで知られていなかったデータの規則や因果関係っを見つけ出す手法

・データ中心アプローチ：対象業務のモデル化を行う時に、データが最も安定した情報資源であることに着目し、データ側からシステムの設計を行う手法"
ストラテジ系,プライバシー,"・プライバシーバイデザイン（PBD）：システムの企画・設定の段階から、個人情報保護の仕組みを盛り込む設計手法
・情報セキュリティ方針：組織のトップが、情報セキュリティに対する考え方や取り組む姿勢を組織内外に宣言するもの
・セキュリティレベル：システムに求められるセキュリティ要件のレベル
・プライバシーマーク：個人情報保護体制を適切に設備していると認められた事業者が得られるもの"
ストラテジ系,フリー,"・フリーウェア：利用者が無償で使用できることをお前提としたソフトウェア。無料で配布した後、試用期間後の利用や機能強化には料金を求める「シェアウェア」もるが、ビジネスモデルではなく、ソフトウェアライセンス形態の一つ

・フリーミアム：フリーとプレミアム（割増料金）を合わせた造語。基本的なサービス・製品は無料で提供し、さらに高度な機能や特別な機能については料金を課金する仕組み。サービス・製品に触れる敷居を下げて、新規の顧客が入ってくる間口を広げる最大化戦略を採りつつ、有料戦略を組み合わせて利益を確保しようとするもの

・フリーランス：特定の企業や団体に雇用されるのではなく、業務委託契約などに基づいて個人で仕事を請け負い、報酬を得る働き方を指す

・フリーライド：製品やサービスの恩恵を受けながら、自らは維持や改善のために何も貢献しない便乗行為を指す。特に無償提供されているソフトウェアやサービスの分野で問題視される傾向があり、このようにタダ乗りするユーザーを指して、フリーライダーと呼ぶことがある

・フリーソフト：無料でダウンロードして使うことはできるが、プログラムの改変は許されていない統計解析プログラム"
ストラテジ系,株式総会,"決議を必要とする事項：
・監査役を選任する
・企業合併を決定する
・取締役を選任する

経営者側の判断で行うこと：
・事業戦略の執行"
ストラテジ系,株所有,"・M&A：株式の所有を通じて、他企業を支配またはコントロールすること

・自己株式取得：企業が自ら発行した株式を市場の時価で買い入れること

・TOB（Take Over Bid）：株式の公開買付けのことで買収や子会社化などの目的で市場から株式を集めたいときに、「買付け機関・買取り株数・価格」を公示して不特定多数の株主から株式を集める方法

・MBO（Management Buyout）：企業の経営陣が自社株の買取りを実施し、企業の所有権を取得すること"
ストラテジ系,個人情報保護、、なんだって？,"・個人情報保護方針：プライバシーポリシー/ プライバシーマーク

・個人情報保護規程：

・個人情報保護ガイドライン：運用の考え方・指針

・個人情報保護マニュアル："
ストラテジ系,広告,"・バナー広告
・アフィリエイト：個人のホームページなどに企業の広告やWebサイトへのリンクを掲載し、誘導実績に応じた報酬を支払う

・SEO、検索エンジン最適化、または検索連動型広告。自社のWebサイトを検索エンジンの検索結果の上位に表示させる

・オプトインメール広告：あらかじめ受信者の許可を得て、興味のある分野の広告を電子メールで送る

・オプトアウト広告：ユーザーの承諾なしに送り付けられるメール広告。日本では特定電子メールにより禁止されている

・オーバーレイ広告：Webページや動画のコンテンツ乗に重なるようにして表示される広告。コンテンツの下部などに工程されるアンカー広告、コンテンツ全体と覆うように表示される全画面広告などがある

・レコメンデーション（Recommendation）：顧客の購入履歴や利用履歴などのデータから、その顧客が好みそうな商品やサービスを勧める仕組み。商品販売における関連商品の紹介や、音楽・動画配信サービスにおける""おすすめリスク""が具体例"
テクノロジ系,"e-ビジネス
なりすまし攻撃","・AML（Anti-Money Laundering）：マネーロンダリングを防止するために犯罪収益移転防止法に基づいて金融機関等が実施する、取引時の確認、取引記録の作成・保存、疑わしい取引の届け出などの一連の取り組みのこと

・フィッシング：実際の企業を装ったWebサイトやメールを使ってユーザーを誘い、偽サイトに誘導するなどして個人情報を不正に取得する行為

・ストミング：不正利用や情報窃取を目的として、磁気ストライプカードを不正に読み取る行為。情報が暗号化されて記録されているICカードは、スキミング被害に遭いにくい構造

・インサイダー取引規制：業務等に関する非公開の重要事実を知った役員などの内部関係者が、その情報をを移用して市場で株式や債券の売買を行い、不当な利益を得ることを禁止する金融商品取引法の規制"
テクノロジ系,機器の制御方式,"* `シーケンス制御`：予め定められた順序や条件に従って機器を制御
    * 洗濯機はワンボタンで一連の動作を行う

* `フィードバック制御`：外乱の影響をセンサで検知して測定値を目標値に近づけるようにコンピューターが修正
    * エアコン付けてる中、扉を開けたため`冷気が入ったため`（外乱の影響）、冷気を検知して風量を上げる

* `フィードフォワード制御`：外乱の影響を予測して予め修正
    * 人の動きなどから冷気が入ってくることを予測して`冷気が入る前に対応を`行う"
テクノロジ系,誤差,"1. 桁あふれ誤差：コンピューターが扱える最大値/最小値を超えること
    * `オーバーフロー`
    * `アンダーフロー`
2. 情報落ち：`絶対値`の大きい値と小さい値で足し算/引き算で絶対値の小さい値の計算が反映されないこと
3. 桁落ち：`絶対値が近い数値で差（異符号の足し算）`を求めたときに有効桁数が減ること
    * 例：60.1（60.11）と61.1（61.19）の差は1.00（1.08）
4. 打ち切り誤差：計算処理を途中で打ち切ることで生じる誤差
   * 例：10 / 3 = 3.3333... -> 3.33で表す際ズレが生じる
5. 丸め誤差：`切り上げ`/`切り捨て`/`四捨五入`により生じる誤差
6. 絶対誤差：測定値と理論値との差"
マネジメント系,"・フルバックアップ
・`差分`バックアップ
・`増分`バックアップ","・フルバックアップ：対象となる`データをすべて`バックアップ
・`差分`バックアップ：`フルバックアップ以降`に`変更されたデータ`をバックアップ
・`増分`バックアップ：`直前のバックアップ以降`に`変更されたデータ`をバックアップ"
マネジメント系,"AI
データ検索エンジン関連","・エンタープライズサーチ：インターネットの検索エンジンを利用するのと同じ感覚で、組織内に点在する大量の資料・データ群から目的のものを見つけるため企業内検索エンジン。導入することで、目的のデータにたどり着くまでの時間短縮や、企業が保有するデータの有効活用が期待できる

・コーパス（Corpus）：自然言語処理を実現するための基礎データとなる、電子化された大量の例文データベース

・スキャナー：写真や書類などを光学的に読み取り、デジタルデータ化するための画像入力装置"
マネジメント系,ITIL（v2）,"・サービスサポート：青本。主にITサービス運営における日々の運用の手法について記した書籍で、【インシデント管理】、【問題管理】、【変更管理】、【リリース管理】、【構成管理】および【サービスデスク】で構成されている

・サービスデリバリ：赤本。主に中長期的なITサービスの計画と改善手法について記した書籍で、【サービスレベル管理】、【ITサービス財務管理】、【可用性管理】、【ITサービス継続性管理】、【キャパシティ管理】で構成されている"
マネジメント系,ITIL（v3）,"・サービスストラテジ：【ITサービス財務管理】プロセス（サービスデリバリ）を包含している

・サービスデザイン：【可用性管理】、【キャパシティ管理】、【ITサービス継続性管理】プロセスを包含している

・サービストランジション：【変更管理】、【リリース管理】、【構成管理】プロセスを包含している

・サービスオペレーション：【サービスデスク】、【インシデント管理】、【問題管理】プロセスを包含している

・継続的サービス改善：【サービスレベル管理】プロセスを包含している"
マネジメント系,ITIL（v3）のサービスサポートの5つのプロセス,"・インシデント管理：迅速なサービスの復旧を行い、企業が行う事業活動への影響を最小限に抑えることを目的
インシデントによって中断したITサービスを合意した時間内に復旧する

・問題管理：インシデントや障害原因の追究と対策及び再発防止策の策定を目的としたプロセス
インシデントの根本原因を突き止めて排除したり、インシデントの発生を予防したりする

・構成管理：ITサービスの構成アイテム（CI）情報の精確な収集、確認と収集した情報の維持管理および確認・監査を目的としたプロセス

・変更管理：変更作業に伴うリスクを管理し、リスクとメリットを考慮してリリースを実施するかどうかの評価を行うプロセス
インシデントに対する既存ITサービスの変更や新規サービスの導入を効率的かつ安全に実施する

・リリース管理：変更管理プロセスで承認された内容を本番環境（ITサービス提供媒体）に正しく反映させるための作業（リリース作業）をコントロールすることを目的としたプロセス

・サービスデスク：ITサービスを提供する組織とITサービスを利用する顧客の単一窓口（SPOC)を担い、インシデント対応などのサポート業務を行うことを目的とした機能
利用者に単一窓口を提供し、事業への影響を最小限にし、通常サービスへ復帰できるように支援する"
マネジメント系,ITサービスマネジメントの管理プロセス,"利用者の求めるサービスレベルを満たしているか評価・管理

・SLA(Service Level Agreement)：提供者と顧客の間でサービスの品質に関して結ぶ契約のことで、サービスの品目と水準、および水準を達成できなかった場合のペナルティ事項などが盛り込まれる
・SLM(Service Level Management)：サービスレベル合意書に基づき、顧客要件を満たすITサービスの提供を実現し、その品質の継続的な改善に必要なプロセスを構築するという管理手法や考え方"
マネジメント系,PDCAサイクル,"立ち上げ
Plan、Do、Check、Act：`企画、実行、点検、改善`
終結"
マネジメント系,RASIS,"* 信頼性（Reliability）：システムが安定して稼働し続けられること、故障しにくいこと（`MTBF`（`システムが稼働していた時間` / `故障した回数`）で評価）
* 可用性（Availability）：使いたい時にいつでも使えること（`稼働率`で評価）

* 保守性（Serviceability）：故障した時に早く普及できること（`MTTR`で評価）
* 保全性/完全性/インテグリティ（Integrity）：データが欠損なく正しく保存されていること
* 安全性（Security）：高いセキュリティを維持できること"
マネジメント系,イノベータ理論,"消費者を新しい商品に対する購入の早い順から5つのタイプに分類したもの

・イノベータ：Innovators、革新。新商品、サービスなどを、リスクを恐れず最も早い段階で需要する層

・アーリーアダプタ：Early Adopters、初期採用者。新商品、サービスなどを早期に受け入れ、消費者に大きな影響を与える層であり、流行に敏感で、自ら情報収集を行い判断する層。オピニオンリーダー

・アーリーマジョリティ：Early Majority、前期追随者。比較的慎重派な人。ブリッジピープル

・レイトマジョリティ：Late Majority、後期追跡者。新しい製品及び新技術の採用には懐疑的で、周囲の大多数が採用している場面を見てから採用する層。フォロワーズ

・ラガード：Laggards、遅滞者。世の中の動きに関心が薄く、流行が一般化してからそれを採用することが多い層であり、場合によっては不採用を貫く、最も保守的な層。伝統主義者"
マネジメント系,インシデント及びサービス要求管理,"1. 記録
2. 優先度の割り当て
3. 分類
4. 記録の更新
5. 段階的取り扱い
6. 解決
7. 終了"
マネジメント系,ウォーターフォールモデル,"要求定義、外部設計（概要設計）、内部設計（詳細設計）、開発（プログラミング）、テスト、運用
※ 下流工程（左）のほど修復コストが安くなる"
マネジメント系,エンジニアリングシステム,"・フレキシブル生産方式：セル生産方式を導入し、市場の多様なニーズに合わせた製品を提供する

・M＆A：他企業の買収によって、自社がもっていなかった製品を提供する

・バリューエンジニアリング：価値 = 機能 / コスト。自社製品に新しい機能を付加し、他社製品と差別した製品を提供する

・リバースエンジニアリング：既存のプログラムから、そのプログラムの仕様を導き出す

・コンカレントエンジニアリング：コンカレント：並行、同時に（発生）。主に製造業において、設計から生産に至るまでの各プロセスを同時並行的に行うことで、開発期間や納期の短縮および生産コストの削減を図る手法

・インダストリアルエンジニアリング：インダストリアル：生産工学。分析や統計など科学的な方法を用いることで生産現場やサービスにおいて最も効率的なシステムを考える手法

・CSR：原材料の使用量を減らすとともに、消費電力を少なくした製品を提供する"
マネジメント系,エンジニアリングシステム,"・JI（Just In Time）：ジャストタイム、かんばん式。
トヨタ自動車の生産方式の代表的な要素で、必要な物を、必要なときに、必要な量だけ生産することを意味する。在庫の無駄をなくし生産を最適化する目的がある

・セル生産方式：1人または数人のチームが、製品の組み立て工程を完成まで作業を行う

・受注生産方式：顧客からの注文を受けてから、生産を開始する方式
・見込み生産方式：生産開始時の計画に基づき、見込み数量を生産する方式

・個別生産：受注した注文ごとに仕様や製造計画・納期を設定し製品を生産する方式
・ロット生産：同じ製品をロットと呼ばれる単位で生産する方式。一度に大量に生産することで製品1つあたりに要する段取り時間を少なく出来る
・連続生産：`止まらずに生産する`。ライン生産方式とも呼ばれ、大量生産を行う工場で製品の組み立て工程、作業員の配置を一連化（ライン化）させ、ベルトコンベアなどによりン流れてくる機械に部品の取り付けや小加工を連続的に行う生産方式
・プロセス生産：食品/飲料、化学製品、医薬品、石油、素材などのように、液体やガスなどの原材料を加工することで製品価値を生み出す方式"
マネジメント系,システムコスト,"・TCO：総所有費用/総所有コスト。システム導入から運用及び維持・管理までを含めた費用の総額

・イニシャルコスト：ハードウェア購入・設置費用、パッケージソフトの購入費用・開発費、初期教育費など、主に開発・導入に関わる費用

・ランニングコスト：保守・サポート契約費、ライセンス料、運用人件費、消耗品費など。通信・ネットワークに関わるシステムの運用費用の総額"
マネジメント系,システムの重要性,"・ミッションクリティカルシステム：障害が起きると、企業活動に重大な影響を及ぼすシステム

・パイロットシステム：先行して試験導入され、成功すると本格的に導入されるシステム"
マネジメント系,システムの信頼性設計,"* Fault：故障
* Avoidance：回避
* Tolerance：許容範囲

・`フォールトアボイダンス`（Fault Avoidance）：そもそも`故障を起こさない`ように設計

・フォールトトレランス：システム障害が発生したとき、待機しているシステムに切り替えて処理を続行する

・フェールセーフ（Fail Safe）：故障した時は`安全を優先させる`（信号機が故障しても赤信号のままに維持してもらう）

・フェールソフト：故障した時でも機能を低下させ`継続することを優先`（エアコンが故障してもオンオフだけは操作できる）

・フールプルーフ（Fool Proof）：人間が間違った操作をしても、誤作動を起こさないようにする（扉を閉めないと電子レンジは加熱できない）

・エラープルーフ化：人的な作業ミスが発生しやすい作業手順や機器のインタフェースを見直し、ミスが発生しにくい仕組みに改善すること。重要なポイントは人に施す対策ではなく、システム、機器、書類、手順などの人以外の要素を人に合うように改善する"
マネジメント系,"システム管理基準
ライフサイクル",企画、開発、運用、保守
マネジメント系,システム管理基準、ユーザー受入テストの管理,"1. 要件定義に基づき、ユーザーの目線でテストケースを策定すること
2. ユーザー受入テスト環境を明確にすること
3. ユーザー受入テスト環境は本番環境と隔離すること
4. ユーザー及び運用担当者がテストに参加すること
5. テスト手法、進捗、結果に対する目標値、及び報告方法を明確にすること
6. パッケージソフトを使用する場合は、開発元による品質テストの結果を確認すること
7. ユーザー受入テストに関わる情報セキュリティ管理策については、情報セキュリティ管理基準参照表を利用して、情報セキュリティ管理基準の該当箇所を参照すること"
マネジメント系,チェック,"・ニューメリックチェック（Numeric Check）：数値項目へ入力したデータに、英字や記号が混入した誤りを検出

・フォーマットチェック：入力したコードの桁数の誤りを検出する

・チェックディジット：check digit、検査数字。入力したコードの値の誤りを検出する

・リミットチェック：入力したデータ値が、定められた範囲内に収まっていない誤りを検出する

・論理チェック：販売数と在庫数と仕入れ数の関係など、関連のある項目の値に矛盾が無いかどうかをチェックする

・重複チェック：マスタファイル作成時の入力データ中に、キーの値が同じレコードが複数件含まれていないかどうかをチェックする"
マネジメント系,データベースログ,"・ログファイル：ジャーナルファイル/トランザクションログ。データベースを変更が行われた以前の状態に復元することを目的としたトランザクション処理の記録
・データログ：人間が読みやすい形で時系列に記録される操作履歴"
マネジメント系,データベース操作,"・ウォームスタート：システム障害が発生した時に、システムの電源をOFFにせずに、そのままの状態でプログラムを再起動して処理を再開する方法

・ロールフォワード：システム障害などでアプリケーションが強制終了したときに、更新後ログを用いて今まで処理したトランザクションを再現しシステム障害直前までデータベース情報を復帰させる処理

・チェックポイントリスタート：トランザクション障害やシステム障害から復帰するときに、直前のチェックポイント（データベース処理とディスク内容の同期ポイント）まで戻ってから再開する方法

・コールドスタート：初期プログラムロード。システム障害が発生したとき、システムの電源を入れ直し、システムを初期状態に戻してからプログラムを起動して処理を再開する方法

・ロールバック：トランザクションお途中、プログラムのバグなどでアプリケーションが強制終了した場合、更新前ログを用いてデータベースをトランザクション開始直前の状態に戻す処理

・フォールバック：（fall back）縮退運転。故障した構成品目を切り離し、システムのより重要な機能を存続させること

・バックアップ：障害時のファイルの回復を目的として、定期的にファイルを別の記録媒体に保存すること

・リストア：バックアップされたデータを使用してデータを復旧・回復すること

・リスタート：チェックポイントで記録しておいたデータを使用して、プログラムの実行を再開すること

・リブート：システム障害などから回復するためにマシンを再起動すること

・パーティショニング：実行中のジョブが異常終了したとき、他のジョブに影響を与えないように、システムの運用を続行すること

・リカバリージョブ：障害が発生した時点で、その後に実行する予定のジョブのスケジュールを変更すること

・グレースフルシャットダウン：システムを一斉に停止させるのではなく、あらかじめ決められた手順で段階的に停止させること"
マネジメント系,"プログラミングの信頼性の監査
（旧システム監査基準）","・プログラム仕様書に基づいてプログラミングしれいることを検証しているか
・プログラムテストの結果を記録及び保管しているか
・重要プログラムは、プログラム作成者以外の者がテストしているか"
マネジメント系,プロジェクトにおけるコミュニケーション,"1. プル型コミュニケーション：掲示板やe-ラーニングなどのように受信者が自分の意思で必要になったときに情報にアクセスさせる方法（イントラネットサイト）
2. プッシュ型コミュニケーション：電子メールや手紙、FAXなどのように特定の相手に向けて情報を発信する方法
3. 相互方向コミュニケーション：会議やテレビ電話などのように複数の参加者がそれぞれの参加者同士で情報をやり取りできる方法"
マネジメント系,プロジェクトのコスト,"・ファクションポイント法：外部入出力と内部ファイル数などの個数と開発難易度からファクションポイントを求め、それを基に開発規模を見積もる手法

・COCOMO：予想されるプログラム行数にエンジニアの能力や要求の信頼性などの補正係数を掛け合わせて開発工数や期間、要員や生産性を見積もる手法

・標準タスク：開発プロジェクトで必要な作業のWBSを作成し、各作業の工数を見積もる

・類推見積法：過去の類似例を探し、その実績や開発するシステムとの差異などを分析・評価して開発規模を見積もる

・プログラムステップ法：開発するプログラムごとのステップ数を積算し、開発規模を見積もる

・putnamモデル：総開発工数から、それを分解した各開発工程の工数を推定するトップダウン式の手法

・Dotyモデル：ソフトウェア開発の工数は、プログラムのステップ数の指数乗に比例するという考え方で開発工数を見積もる手法"
マネジメント系,プロジェクトの所要時間を短縮する方法,"・クラッシング：メンバーの時間外勤務を増やしたり、業務内容に精通したメンバーを新たに増員するなど、クリティカルパス上のアクティビティに資源を追加投入して短縮を図る方法
・ファストトラッキング：全体の設計が完了する前に仕様が固まっているモジュールの開発を開始するなど、当初の計画で順番に行う予定だったアクティビティを並行して行うことによって短縮を図る方法"
マネジメント系,"マーケティング
マーケティングミックス","* プッシュ戦略（メーカーから`小売業者`に対する）：製造業者が、流通業者に何らかのインセンティブ（主に経済的メリット）を提供することで、自社製品を強力に販売し、消費者に商品を提供する戦略（メーカーが消費者に製品を押し出す戦略）
* プル戦略（メーカーから`消費者`に対する）：製造者が、広告・宣伝などにより消費者に直接働きかけ、消費者から流通業者に自社製品を取り扱うように仕向ける戦略（消費者の需要が製品を引っ張る戦略）

・【プル型】インバウンドマーケティング：SNSやブログ、Webサイトなどのインターネットメディアを通じて発信を行い、それらに興味を持って訪れた利用者を最終的に顧客に取り込もうとするマーケティング手法。ターゲット層を惹きつける魅力的なコンテンツを用意しておくことで、見込み客の主体的な来訪を促し集客を行う。

・【プッシュ型】アウトバウンドマーケティング：従来のように不特定多数に向けて広告やPRイベントまたはメルマガ配信などを行う

・ダイレクトマーケティング：対象として選ばれた既存の顧客や見込み客に対して個別に行われるマーケティング活動。個々にきめ細やかな提案を行ったり、それに対する直接の反応を獲得することで、優良な関係を築いていくことを目的とする

・【プッシュ型】テレマーケティング：オペレーターが電話で直接顧客と対話して販売促進を行う手法。広告を見た顧客側からの電話を受け付けて商品やサービスを案内するケースや、顧客名簿をもとに企業側から見込み客に電話をかける例"
マネジメント系,リスクアセスメント,"1. リスク基準の確率
*** 2. リスクの特定
*** 3. リスク分析
*** 4. リスク評価
5. リスク対応"
マネジメント系,監査のチェックポイント,"・システムテスト工程を監査するときのチェックポイント：システムテスト要件に基づいてテスト計画を作成し、システム運用部門の責任者の承認を得ていること
・プログラミング工程を監査するときのチェックポイント：プログラミングは定められた標準に従っていること
・プログラム設計を監査するときのチェックポイント：システム設計書に基づき、プログラム仕様書を作成していること
・利用者要件が充足されないリスクを低減するコントロールを監査するときのチェックポイント：利用部門が参画して、システム設計書（開発及びユーザーの責任者の承認を得ているかについてチェックし）のレビューを行っていること"
マネジメント系,監査技法,"システム監査の目標：情報システムの信頼性・安全性・効率性などの向上のために客観的な立場から総合的に評価・勧告・改善活動のフォローアップまでを行う

・ウォークスルー法：データの生成から入力、処理、出力、活用までのプロセス及び組み込まれているコントロールを、システム監査人が、書面上で、または実際に追跡する

・ドキュメントレビュー法：監査対象の状況に関する監査証拠を入手するために、システム監査人が、関連する資料及び文書類を入力し、内容を点検する

・インタビュー法：監査対象の実態を確かめるために、システム監査人が、直接、関係者に口頭で問い合わせ、回答を入手する

・コンピューター支援監査技法の1つであるテストデータ法：あらかじめシステム監査人が準備したテスト用データを監査対象プログラムで処理し、機体した結果が出力されるかどうかを確かめる

・チェックリスト法：システム監査人が、あらかじめ監査対象に応じて調整して作成したチェックリスト（通例、チェックリスト形式の質問書）に対して、関係者から回答を求める技法

・現地調査法：システム監査人が、被調査部門などに直接赴き、対象業務の流れなどの状況を自ら観察・調査する技法。実際の業務の流れをかくにんするには業務時間内に実施しなければならない"
マネジメント系,"監査技法
レビュー法","・ウォークスルー：担当者が関係者に対して成果物の内容を説明する

・インスペクション：モデレーターが司会進行役となり、参加者の役割を明確にして進める

・ラウンドロビン：参加者全員がテーマごとに持ち回りで責任者となり進める"
マネジメント系,監査技法・技術開発戦略,"・ゲーミフィケーション：日常の様々な活動にゲーム要素を仕掛けることで、サービスや製品への愛着を利用者にもたせ、より多く使用してもらう仕組みのことをいう。例としては、活動の進みにより与えられるポイントやバッジのほかに、点数やランキング付け、レベルに応じたコンテンツ提供、他人と規則仕組み、隠し要素の導入などが挙げられる

・ウォークスルー：開発者が主体となり、エラーの早期発見を目的として設計書やプログラムに誤りがないかを確認するレビュー手法

・ブレーンストーミング：ブレスト。様々なアイデアを広く集めるために行われるグループ討議の方法。参加者が遠慮せずにいろいろな意見を発言できるように、批判の禁止・自由奔放・質より量・結合/便乗歓迎というルールに則って行われる

・ハッカソン：ハック（hack）とマラソン（marathon）。IT技術者やデザイナーなどがチームとなり、与えられた短期間内に沿ったアプリケーションやサービスを開発し、その成果を競い合うイベントのこと。オープンイノベーションの方法の1つとして注目されている"
マネジメント系,企業目標やビジネス戦略,"・バリューエンジニアリング：価値 = 機能 / コスト。商品やサービスの価値を機能とコストの関係で分析し、価値を向上させる手法

・モニタリング：経営計画や業務改革が目標に沿って遂行され、想定した成果を挙げていることを確認する行為

・KPI：企業目標の達成に向けて行われる活動の実行状況を図るために設定する重要な指標

・CSF：経営計画で設定した目標を達成するための最も重要な要因

・ブランド戦略：企業自体や商品・製品に対する顧客のイメージを高めることで、顧客の商品などに対する付加価値を高めるようとする戦略"
マネジメント系,技術開発戦略,"・マッシュアップ：公開されている複数のサービスを利用して、新たなサービスを提供する

・リバースエンジニアリング：既存のプログラムから、そのプログラムの仕様を導き出す

・コンポネート指向プログラム：既存のプログラムを部品化し、それらの部品を組み合わせて、新規プログラムを開発する

・オブジェクト指向開発手法：クラスライブラリを利用して、新規プログラムを開発する

・プル戦略：製造業者が、広告・宣伝などにより消費者に直接働きかけ、消費者から流通業者に自社製品を取り扱うように仕向ける戦略

・プッシュ戦略：流通業者に何らかのインセンティブ（主に経済的メリット）を提供することで、自社製品の販売を強力に促進させて、消費者に商品を提供する戦略

・ロングテール：販売見込み数がかなり少ない商品を幅広く取扱い、インターネットで販売する"
マネジメント系,業務形態,"・ワークシェアリング：仕事と共有を組み合わせた言葉で、人々の間で雇用を分かち合うことを意味とする。1人当たりの労働時間を短縮したり仕事の配分を見直したりすることによって、労働の負荷を減らすとともに新たな雇用を生み出す取り組み、雇用維持や雇用創出を目的とする

・シェアードサービス：グループ企業内に共通的に存在する業務（主に間接部門の業務）を１か所に集中・統合して独立させ、それぞれの企業で共有してサービス提供を受けることを言う。コストの削減と経営の効率化を目的とする

・シェアリングエコノミー：モノやサービスを所有するのではなく、インターネット上のプラットフォームを介して個人と個人の間で使っていないモノ・場所・技能などを貸し借り・売買することによって、共有していく経済の動きのこと。借主は遊休資産の活用によ収入が得られ、借主は購入や維持にかかわるコストを削減できる利点がある。カーシェアやライドシェア、民泊のマッチングサービス、フリマアプリ、クラウドソーシング、クラウドファンディングなどが代表例

・テレワーク：各自が在宅などの勤務先以外のオフィススペースで仕事を行い、勤務先とのやり取りは電話、メール、チャット、テレビ会議などのオンラインで行う勤務形態。出社の必要がないので時間や場所の制約を受けずに柔軟に働くことができる利点がある"
マネジメント系,金融庁【財務報告に係るニア舞踏性の評価及び監査の基準】、内部統制の基本的要素,"・統制環境：組織の気風を決定し、組織内のすべての者の統制に対する意識に影響を与えるとともに、他の基本的要素の基礎・基盤のこと
・リスクの評価と対応：組織目標の達成に影響を与える事象について、組織目標の達成を阻害する要因をリスクとして識別、分析及び評価するプロセス
・統制活動：経営者の命令及び指示が適切に実行されることを確保するために定められる方針及び手続のこと
　・発注業務と検収業務をそれぞれ別の者に担当させること
・情報と伝達：必要な情報が識別、把握及び処理され、組織内外及び関係者相互に正しく伝えられることを確保すること
・モニタリング：内部統制が有効に機能していることを継続的に評価するプロセス
・ITへの対応：組織目標を達成するために予め適切な方針及び手続を定め、それを踏まえて、業務の実施において組織の内外のITに対し適切に対応すること"
マネジメント系,情報セキュリティマネジメントで維持管理すべき三要素,"* 信頼性（Reliability）：システムが安定して稼働し続けられること、故障しにくいこと（`MTBF`（`システムが稼働していた時間` / `故障した回数`）で評価）
　　* 平均サービス・インシデント間隔
　　* 平均故障間隔

* 可用性（Availability）：使いたい時にいつでも使えること（`稼働率`で評価）
　　* SLAで合意される時間に対する、実際に利用できた時間の割合で表される
　　* 一定期間内での中断の数

* 保守性（Serviceability）：故障した時に早く普及できること（`MTTR`で評価）
　　* 平均サービス回復時間

* 保全性/完全性/インテグリティ（Integrity）：データが欠損なく正しく保存されていること

* 安全性（Security）：高いセキュリティを維持できること"
マネジメント系,情報戦略の立案,"経営事業戦略
経営事業目標
中長期構想およびこれらと連動した企業の情報戦略と整合性がある"
マネジメント系,内部統制,構築、運用、評価、監査
マネジメント系,内部統制,"・コントロールトータルチェック：複数のシステム間でのデータ連携において、送信側システムで集計した送信データの件数の合計と、受信側システムで集計した受信データの件数の合計を照らし合わして確認するためのコントロール。入力された数値の合計と出力される数値の合計を都度照らし合わせすることでデータ処理の完全性を高める機能

・エディットバリデーションチェック：ユーザーにより入力された値が「範囲内に収まっているか」や「理論的に正しい」「決められたフォーマットになっているか」など、システムが予定されている形式であるかを確認することで入力値の正確性を高める機能

・アクセスコントロール：参照可能な資源および許可する層さを、利用者の属性ごとに適切に制御することで機密性を高める機能

・チェックデジット：元の符号から規則によって算出された数字を元の符号に付加することで、符号の入力誤りなどを検出する方法"
,,
ストラテジ系,【標準化】,"・ユビキタス化：あらゆるものにコンピューターが組み込まれ、コンピューター同士が協調動作をすることで、人間がコンピューターの存在を意識することなく高い利便性を得られる様子

・コモディティ化：ある製品やカテゴリーについてメーカーや販売会社ごとの機能的・品質的な差異がごく僅かとなり、市場の製品が均一化している様子を表す

・ネットワーク化：モノ同士や人同士がなにらかの方法でつながることで形成される構造や体系を表している

・標準化：ある業務や製品において、共通の企規格・仕様・形式などを定めることを言う"
テクノロジ系,生成AI,"・シンギュラリティ：人口知能（AI)が人間の能力を超える転換点のことで、技術的特異点とも呼ばれる。この段階に達したAIは、AI自身が自己学習により優れたAI改善することを繰り返すとされ、極めて短時間で大きな技術変革がもたらす反面、人間の予測や制御が及ばなくなるなどの危険性も指摘されている。本当に到来するかどうかは定かではなく、あくまでも仮設の一つにすぎないが、現在の予想では2045年ころに訪れるだろうと言われる

・エコーチェンバー：録音部屋。趣味・思考が近い利用者が集まる場で同種の意見のやり取りが繰り返されることにより、特定の意見や思想が増幅していく様子を言う。特にインターネットは同じ思考や主義をもつ者同士がつながりやすいため、SNSやオンラインコミュニティなどでよくみられる現象

・ハルシネーション：幻覚・妄想。生成AIが利用者の問いかけに対し、あたかも真実であるかのように、的外れな情報や事実とは異なる情報を回答する現象のこと。主に古い情報や誤った情報を含む学習データの問題、あるいは出力文を生成する際のプロセスに起因して発生する

・ディープフェイク：学習した生成AIによって作られた、本物と見まごうほど精巧にできた偽の画像、動画、音声のこと。適切な方法に使用すれば、映像制作やAIによるテレビニュース読み上げなど大きな利便性をもたらす技術だが、偽の画像・音声の生成によって情報創作や権利侵害、セキュリティ侵害のリスクがあるなどの問題も抱えている"
,,
,,
,,
,,
,,
,,
,,
,,
,,
,,
,,
,,
,,
,,
,,
,,
,,
,,
,,
,,
,,
,,
,,
,,
,,
,,
,,
,,
,,
,,
,,
,,
,,
,,
,,
,,
,,
,,
,,
,,
,,
,,
,,
,,
,,
,,
,,
,,
,,
,,
,,
,,
,,
,,
,,
,,
,,
,,
,,
,,
,,
,,
,,
,,
,,
,,
,,
,,
,,
,,
,,
,,
,,
,,
,,
,,
,,
,,
,,
,,
,,
,,
,,
,,
,,
,,
,,
,,
,,
,,
,,
,,
,,
,,
,,
,,
,,
,,
,,
,,
,,
,,
,,
,,
,,
,,
,,
,,
,,
,,
,,
,,
,,
,,
,,
,,
,,
,,
,,
,,
,,
,,
,,
,,
,,
,,
,,
,,
,,
,,
,,
,,
,,
,,
,,
,,
,,
,,
,,
,,
,,
,,
,,
,,
,,
,,
,,
,,
,,
,,
,,
,,
,,
,,
,,
,,
,,
,,
,,
,,
,,
,,
,,
,,
,,
,,
,,
,,
,,
,,
,,
,,
,,
,,
,,
,,
,,
,,
,,
,,
,,
,,
,,
,,
,,
,,
,,
,,
,,
,,
,,
,,
,,
,,
,,
,,
,,
,,
,,
,,
,,
,,
,,
,,
,,
,,
,,
,,
,,
,,
,,
,,
,,
,,
,,
,,
,,
,,
,,
,,
,,
,,
,,
,,
,,
,,
,,
,,
,,
,,
,,
,,
,,
,,
,,
,,
,,
,,
,,
,,
,,
,,
,,
,,
,,
,,
,,
,,
,,
,,
,,
,,
,,
,,
,,
,,
,,
,,
,,
,,
,,
,,
,,
,,
,,
,,
,,
,,
,,
,,
,,
,,
,,
,,
,,
,,
,,
,,
,,
,,
,,
,,
,,
,,
,,
,,
,,
,,
,,
,,
,,
,,
,,
,,
,,
,,
,,
,,
,,
,,
,,
,,
,,
,,
,,
,,
,,
,,
,,
,,
,,
,,
,,
,,
,,
,,
,,
,,
,,
,,
,,
,,
,,
,,
,,
,,
,,
,,
,,
,,
,,
,,
,,
,,
,,
,,
,,
,,
,,
,,
,,
,,
,,
,,
,,
,,
,,
,,
,,
,,
,,
,,
,,
,,
,,
,,
,,
,,
,,
,,
,,
,,
,,
,,
,,
,,
,,
,,
,,
,,
,,
,,
,,
,,
,,
,,
,,
,,
,,
,,
,,
,,
,,
,,
,,
,,
,,
,,
,,
,,
,,
,,
,,
,,
,,
,,
,,
,,
,,
,,
,,
,,
,,
,,
,,
,,
,,
,,
,,
,,
,,
,,
,,
,,
,,
,,
,,
,,
,,
,,
,,
,,
,,
,,
,,
,,
,,
,,
,,
,,
,,
,,
,,
,,
,,
,,
,,
,,
,,
,,
,,
,,
,,
,,
,,
,,
,,
,,
,,
,,
,,
,,
,,
,,
,,
,,
,,
,,
,,
,,
,,
,,
,,
,,
,,
,,
,,
,,
,,
,,
,,
,,
,,
,,
,,
,,
,,
,,
,,
,,
,,
,,
,,
,,
,,
,,
,,
,,
,,
,,
,,
,,
,,
,,
,,
,,
,,
,,
,,
,,
,,
,,
,,
,,
,,
,,
,,
,,
,,
,,
,,
,,
,,
,,
,,
,,
,,
,,
,,
,,
,,
,,
,,
,,
,,
,,
,,
,,
,,
,,
,,
,,
,,
,,
,,
,,
,,
,,
,,
,,
,,
,,
,,
,,
,,
,,
,,
,,
,,
,,
,,
,,
,,
,,
,,
,,
,,
,,
,,
,,
,,
,,
,,
,,
,,
,,
,,
,,
,,
,,
,,
,,
,,
,,
,,
,,
,,
,,
,,
,,
,,
,,
,,
,,
,,
,,
,,
,,
,,
,,
,,
,,
,,
,,
,,
,,
,,
,,
,,
,,
,,
,,
,,
,,
,,
,,
,,
,,
,,
,,
,,
,,
,,
,,
,,
,,
,,
,,
,,
,,
,,
,,
,,
,,
,,
,,
,,
,,
,,
,,
,,
,,
,,
,,
,,
,,
,,
,,
,,
,,
,,
,,
,,
,,
,,
,,
,,
,,
,,
,,
,,
,,
,,
,,
,,
,,
,,
,,
,,
,,
,,
,,
,,
,,
,,
,,
,,
,,
,,
,,
,,
,,
,,
,,
,,
,,
,,
,,
,,
,,
,,
,,
,,
,,
,,
,,
,,
,,
,,
,,
,,
,,
,,
,,
,,
,,
,,
,,
,,
,,
,,
,,
,,
,,
,,
,,
,,
,,
,,
,,
,,
,,
,,
,,
,,
,,
,,
,,
,,
,,
,,
,,
,,
,,
,,
,,
,,
,,
,,
,,
,,
,,
,,
,,
,,
,,
,,
,,
,,
,,
,,
,,
,,
,,
,,
,,
,,
,,
,,
,,
,,
,,
,,
,,
,,
,,
,,
,,
,,
,,
,,
,,
,,
,,
,,
,,
,,
,,
,,
,,
,,
,,
,,
,,
,,
,,
,,
,,
,,
,,
,,
,,
,,
,,
,,
,,
,,
,,
,,
,,
,,
,,
,,
,,
,,
,,
,,
,,
,,
,,
,,
,,
,,
,,
,,
,,
,,
,,
,,
,,
,,
,,
,,
,,
,,
,,
,,
,,
,,
,,
,,
,,
,,
,,
,,
,,
,,
,,
,,
,,
,,
,,
,,
,,
,,
,,
,,
,,
,,
,,
,,
,,
,,
,,
,,
,,
,,
,,
,,
,,
,,
,,
,,
,,
,,
,,
,,
,,
,,
,,
,,
,,
,,
,,
,,
,,
,,
,,
,,
,,
,,
,,
,,
,,
,,
,,
,,
,,
,,
,,
,,
,,
,,
,,
,,
,,
,,
,,
,,
,,
,,
,,
,,
,,
,,
,,
,,
,,
,,
,,
,,
,,
,,
,,
,,
,,
,,
,,
,,
,,
,,
,,
,,
,,
,,
,,
,,
,,
,,
,,
,,
,,
,,
,,
,,
