分野,公式,内容,役立つ場所
ストラテジ系,"NPV法
正味現在価値法",NPV = 現金流入の現在価値 - 現金流出の現在価値,
ストラテジ系,ROI（投資利益率）,ROI(%) = 利益/ 投資額 * 100,高いほど、投資の費用対効果が高い
ストラテジ系,"Webマーケティング手法
ROAS",ROAS = 広告経由 / 広告費用 * 100(%),"Return On Advertising Spend
広告の費用対効果を示す指標である"
ストラテジ系,"Webマーケティング手法
コンバージョン",実際に商品を購入した人 / Webサイトに訪れた人,
ストラテジ系,"Webマーケティング手法
バナー広告のクリック率",クリック率 = クリック数 / 表示回数 * 100 (%),バナー広告の効果を示す指標
ストラテジ系,"Webマーケティング手法
ページビュー（PV）",,"そのWebページが何回表示されたか示す指標
一般にページビューが上がるとそれに伴い成約数も増える"
ストラテジ系,コストプラス価格決定法,製品価格 = 売上原価 + 間接費 + 利益（マージン）,
ストラテジ系,財務諸表分析,"自己資本比率
自己資本比率(%) = 自己資本 / 総資本 * 100

自己資本利益率(ROE)
自己資本利益率(%) = 当期純利益 / 自己資本 * 100","自己資本比率：会社にあるお金のうち、自分のお金の割合（貸借対照表）

自己資本利益率（Return On Equity）：株主から集めたお金でどれだけの利益をあげたのか"
ストラテジ系,人月,,平成秋16年　問56
ストラテジ系,損益分岐点,"変動比率 = 変動費 / 売上
変動費 = 変動比率 * 売上

損益分岐点の売上= 変動費 + 固定費
損益分岐点の売上 = 損益分岐点の売上 * 変動比率 + 固定費
損益分岐点の売上 * (1 - 変動比率) = 固定費
損益分岐点 = 固定費 / (1 - 変動費率)












.",
ストラテジ系,売上高,売上高 = 固定費 + 変動費 + 利益,
マネジメント系,移植性の評価指標,(変更が必要となるソースコードの行数) / (移植するソースコードの行数),
マネジメント系,開発工数,開発規模 / 生産性,開発期間、開発要員数、工程ごとの工数配分比率は、開発工数があきらかになった後に計算が可能となる情報
マネジメント系,機能性,(利用者からの改善要求件数) / (出荷後の経過月数),
マネジメント系,信頼性,(最終成果物に含まれる誤りの件数) / (最終成果物の量),
マネジメント系,保守性,(修正時間の合計) / (修正件数),修正のしやすさを重視する
テクノロジ系,"スタートストップ方式
調歩同期式","1. スタートビット：0
2. データビット(文字の低位ビットから高位ビット)：0 0 1 0 1 0 1
3. パリティビット：1
4. ストップビット：1","例：
101 0100 を送信 -> 
(データビット) 001 0101 -> 
(0, スタートビット)0010101(1, パリティビット判断)(1, ストップビット)

※ パリティビットの追加は、データビットのみで判断する（スタート/ストップは計算に入らない）"
ストラテジ系,投資の回収期間,投資回収期間 = 投資額 / 投資効果（一定期間の利益額）,
マネジメント系,バリューエンジニアリング,価値 = 機能 / コスト,
ストラテジ系,売上高営業利益率,営業利益 / 売上高,事業者の本業における収益性
ストラテジ系,総資本回転率,売上高 / 総資本,高いほど、少ない資本で大きな売上高を達成していることになり、固有資産や流動資産などの企業が有する資本を効率的に活用していると評価される
,,,
マネジメント系,在庫回転期間,(期末の在庫金額 / 一年間の売上原価) * 365,
マネジメント系,"平均故障間隔
MTBF",MTBF = `システムが稼働していた時間` / `故障した回数`,"Mean Time `Between Failures`
`値が大きい`ほど、故障が起こりにくく`信頼性が高い`"
マネジメント系,"平均修理時間
MTTR",MTTR = `故障中の修理にかかった時間` / `故障した回数`,"Mean Time `To Repair`
`値が小さい`ほど、`保守性が高い`"
マネジメント系,稼働率," 稼働率 = `システムが正常に稼働している時間` / `システム全運転時間`
稼働率 = `MTBF` / (`MTBF` + `MTTR`)",システムの`全運転時間`のうち、システムが`正常に稼働している時間`の割合
ストラテジ系,製品の総原価,総原価 = 製造原価 + 営業費,
,減価償却,定額法,げんかしょうきゃく
,,,
,,,
,,,
,,,
,,,
,,,
,,,
,,,
,,,
,,,
,,,
,,,
,,,
,,,
,,,
,,,
,,,
,,,
,,,
,,,
,,,
,,,
,,,
,,,
,,,
,,,
,,,
,,,
,,,
,,,
,,,
,,,
,,,
,,,
,,,
,,,
,,,
,,,
,,,
,,,
,,,
,,,
,,,
,,,
,,,
,,,
,,,
,,,
,,,
,,,
,,,
,,,
,,,
,,,
,,,
,,,
,,,
,,,
,,,
,,,
,,,
,,,
,,,
,,,
,,,
,,,
,,,
,,,
,,,
,,,
,,,
,,,
,,,
,,,
,,,
,,,
,,,
,,,
,,,
,,,
,,,
,,,
,,,
,,,
,,,
,,,
,,,
,,,
,,,
,,,
,,,
,,,
,,,
,,,
,,,
,,,
,,,
,,,
,,,
,,,
,,,
,,,
,,,
,,,
,,,
,,,
,,,
,,,
,,,
,,,
,,,
,,,
,,,
,,,
,,,
,,,
,,,
,,,
,,,
,,,
,,,
,,,
,,,
,,,
,,,
,,,
,,,
,,,
,,,
,,,
,,,
,,,
,,,
,,,
,,,
,,,
,,,
,,,
,,,
,,,
,,,
,,,
,,,
,,,
,,,
,,,
,,,
,,,
,,,
,,,
,,,
,,,
,,,
,,,
,,,
,,,
,,,
,,,
,,,
,,,
,,,
,,,
,,,
,,,
,,,
,,,
,,,
,,,
,,,
,,,
,,,
,,,
,,,
,,,
,,,
,,,
,,,
,,,
,,,
,,,
,,,
,,,
,,,
,,,
,,,
,,,
,,,
,,,
,,,
,,,
,,,
,,,
,,,
,,,
,,,
,,,
,,,
,,,
,,,
,,,
,,,
,,,
,,,
,,,
,,,
,,,
,,,
,,,
,,,
,,,
,,,
,,,
,,,
,,,
,,,
,,,
,,,
,,,
,,,
,,,
,,,
,,,
,,,
,,,
,,,
,,,
,,,
,,,
,,,
,,,
,,,
,,,
,,,
,,,
,,,
,,,
,,,
,,,
,,,
,,,
,,,
,,,
,,,
,,,
,,,
,,,
,,,
,,,
,,,
,,,
,,,
,,,
,,,
,,,
,,,
,,,
,,,
,,,
,,,
,,,
,,,
,,,
,,,
,,,
,,,
,,,
,,,
,,,
,,,
,,,
,,,
,,,
,,,
,,,
,,,
,,,
,,,
,,,
,,,
,,,
,,,
,,,
,,,
,,,
,,,
,,,
,,,
,,,
,,,
,,,
,,,
,,,
,,,
,,,
,,,
,,,
,,,
,,,
,,,
,,,
,,,
,,,
,,,
,,,
,,,
,,,
,,,
,,,
,,,
,,,
,,,
,,,
,,,
,,,
,,,
,,,
,,,
,,,
,,,
,,,
,,,
,,,
,,,
,,,
,,,
,,,
,,,
,,,
,,,
,,,
,,,
,,,
,,,
,,,
,,,
,,,
,,,
,,,
,,,
,,,
,,,
,,,
,,,
,,,
,,,
,,,
,,,
,,,
,,,
,,,
,,,
,,,
,,,
,,,
,,,
,,,
,,,
,,,
,,,
,,,
,,,
,,,
,,,
,,,
,,,
,,,
,,,
,,,
,,,
,,,
,,,
,,,
,,,
,,,
,,,
,,,
,,,
,,,
,,,
,,,
,,,
,,,
,,,
,,,
,,,
,,,
,,,
,,,
,,,
,,,
,,,
,,,
,,,
,,,
,,,
,,,
,,,
,,,
,,,
,,,
,,,
,,,
,,,
,,,
,,,
,,,
,,,
,,,
,,,
,,,
,,,
,,,
,,,
,,,
,,,
,,,
,,,
,,,
,,,
,,,
,,,
,,,
,,,
,,,
,,,
,,,
,,,
,,,
,,,
,,,
,,,
,,,
,,,
,,,
,,,
,,,
,,,
,,,
,,,
,,,
,,,
,,,
,,,
,,,
,,,
,,,
,,,
,,,
,,,
,,,
,,,
,,,
,,,
,,,
,,,
,,,
,,,
,,,
,,,
,,,
,,,
,,,
,,,
,,,
,,,
,,,
,,,
,,,
,,,
,,,
,,,
,,,
,,,
,,,
,,,
,,,
,,,
,,,
,,,
,,,
,,,
,,,
,,,
,,,
,,,
,,,
,,,
,,,
,,,
,,,
,,,
,,,
,,,
,,,
,,,
,,,
,,,
,,,
,,,
,,,
,,,
,,,
,,,
,,,
,,,
,,,
,,,
,,,
,,,
,,,
,,,
,,,
,,,
,,,
,,,
,,,
,,,
,,,
,,,
,,,
,,,
,,,
,,,
,,,
,,,
,,,
,,,
,,,
,,,
,,,
,,,
,,,
,,,
,,,
,,,
,,,
,,,
,,,
,,,
,,,
,,,
,,,
,,,
,,,
,,,
,,,
,,,
,,,
,,,
,,,
,,,
,,,
,,,
,,,
,,,
,,,
,,,
,,,
,,,
,,,
,,,
,,,
,,,
,,,
,,,
,,,
,,,
,,,
,,,
,,,
,,,
,,,
,,,
,,,
,,,
,,,
,,,
,,,
,,,
,,,
,,,
,,,
,,,
,,,
,,,
,,,
,,,
,,,
,,,
,,,
,,,
,,,
,,,
,,,
,,,
,,,
,,,
,,,
,,,
,,,
,,,
,,,
,,,
,,,
,,,
,,,
,,,
,,,
,,,
,,,
,,,
,,,
,,,
,,,
,,,
,,,
,,,
,,,
,,,
,,,
,,,
,,,
,,,
,,,
,,,
,,,
,,,
,,,
,,,
,,,
,,,
,,,
,,,
,,,
,,,
,,,
,,,
,,,
,,,
,,,
,,,
,,,
,,,
,,,
,,,
,,,
,,,
,,,
,,,
,,,
,,,
,,,
,,,
,,,
,,,
,,,
,,,
,,,
,,,
,,,
,,,
,,,
,,,
,,,
,,,
,,,
,,,
,,,
,,,
,,,
,,,
,,,
,,,
,,,
,,,
,,,
,,,
,,,
,,,
,,,
,,,
,,,
,,,
,,,
,,,
,,,
,,,
,,,
,,,
,,,
,,,
,,,
,,,
,,,
,,,
,,,
,,,
,,,
,,,
,,,
,,,
,,,
,,,
,,,
,,,
,,,
,,,
,,,
,,,
,,,
,,,
,,,
,,,
,,,
,,,
,,,
,,,
,,,
,,,
,,,
,,,
,,,
,,,
,,,
,,,
,,,
,,,
,,,
,,,
,,,
,,,
,,,
,,,
,,,
,,,
,,,
,,,
,,,
,,,
,,,
,,,
,,,
,,,
,,,
,,,
,,,
,,,
,,,
,,,
,,,
,,,
,,,
,,,
,,,
,,,
,,,
,,,
,,,
,,,
,,,
,,,
,,,
,,,
,,,
,,,
,,,
,,,
,,,
,,,
,,,
,,,
,,,
,,,
,,,
,,,
,,,
,,,
,,,
,,,
,,,
,,,
,,,
,,,
,,,
,,,
,,,
,,,
,,,
,,,
,,,
,,,
,,,
,,,
,,,
,,,
,,,
,,,
,,,
,,,
,,,
,,,
,,,
,,,
,,,
,,,
,,,
,,,
,,,
,,,
,,,
,,,
,,,
,,,
,,,
,,,
,,,
,,,
,,,
,,,
,,,
,,,
,,,
,,,
,,,
,,,
,,,
,,,
,,,
,,,
,,,
,,,
,,,
,,,
,,,
,,,
,,,
,,,
,,,
,,,
,,,
,,,
,,,
,,,
,,,
,,,
,,,
,,,
,,,
,,,
,,,
,,,
,,,
,,,
,,,
,,,
,,,
,,,
,,,
,,,
,,,
,,,
,,,
,,,
,,,
,,,
,,,
,,,
,,,
,,,
,,,
,,,
,,,
,,,
,,,
,,,
,,,
,,,
,,,
,,,
,,,
,,,
,,,
,,,
,,,
,,,
,,,
,,,
,,,
,,,
,,,
,,,
,,,
,,,
,,,
,,,
,,,
,,,
,,,
,,,
,,,
,,,
,,,
,,,
,,,
,,,
,,,
,,,
,,,
,,,
,,,
,,,
,,,
,,,
,,,
,,,
,,,
,,,
,,,
,,,
,,,
,,,
,,,
,,,
,,,
,,,
,,,
,,,
,,,
,,,
,,,
,,,
,,,
,,,
,,,
,,,
,,,
,,,
,,,
,,,
,,,
,,,
,,,
,,,
,,,
,,,
,,,
,,,
,,,
,,,
,,,
,,,
,,,
,,,
,,,
,,,
,,,
,,,
,,,
,,,
,,,
,,,
,,,
,,,
,,,
,,,
,,,
,,,
,,,
,,,
,,,
,,,
